Real-time data - subject to revision,,,,
Copyright Environment Canada(2024),,,,
,,,,
Real-Time Hydrometric Data for BRIDGE RIVER (SOUTH BRANCH) BELOW BRIDGE GLACIER (08ME023) [BC],,,,
,,,,
08ME023,BRIDGE RIVER (SOUTH BRANCH) BELOW BRIDGE GLACIER,,,
Description of parameters:,,,,
46,Water level (unit values),m,,
,,,,
Date (PST),Parameter ,Value (m),Approval,Qualifier
2024-02-07 0:00,46,0.849,Provisional,UNSPECIFIED
2024-02-07 0:05,46,0.849,Provisional,UNSPECIFIED
2024-02-07 0:10,46,0.85,Provisional,UNSPECIFIED
2024-02-07 0:15,46,0.85,Provisional,UNSPECIFIED
2024-02-07 0:20,46,0.85,Provisional,UNSPECIFIED
2024-02-07 0:25,46,0.852,Provisional,UNSPECIFIED
2024-02-07 0:30,46,0.852,Provisional,UNSPECIFIED
2024-02-07 0:35,46,0.852,Provisional,UNSPECIFIED
2024-02-07 0:40,46,0.853,Provisional,UNSPECIFIED
2024-02-07 0:45,46,0.853,Provisional,UNSPECIFIED
2024-02-07 0:50,46,0.853,Provisional,UNSPECIFIED
2024-02-07 0:55,46,0.853,Provisional,UNSPECIFIED
2024-02-07 1:00,46,0.853,Provisional,UNSPECIFIED
2024-02-07 1:05,46,0.853,Provisional,UNSPECIFIED
2024-02-07 1:10,46,0.854,Provisional,UNSPECIFIED
2024-02-07 1:15,46,0.854,Provisional,UNSPECIFIED
2024-02-07 1:20,46,0.854,Provisional,UNSPECIFIED
2024-02-07 1:25,46,0.855,Provisional,UNSPECIFIED
2024-02-07 1:30,46,0.855,Provisional,UNSPECIFIED
2024-02-07 1:35,46,0.856,Provisional,UNSPECIFIED
2024-02-07 1:40,46,0.855,Provisional,UNSPECIFIED
2024-02-07 1:45,46,0.856,Provisional,UNSPECIFIED
2024-02-07 1:50,46,0.856,Provisional,UNSPECIFIED
2024-02-07 1:55,46,0.856,Provisional,UNSPECIFIED
2024-02-07 2:00,46,0.857,Provisional,UNSPECIFIED
2024-02-07 2:05,46,0.856,Provisional,UNSPECIFIED
2024-02-07 2:10,46,0.856,Provisional,UNSPECIFIED
2024-02-07 2:15,46,0.857,Provisional,UNSPECIFIED
2024-02-07 2:20,46,0.856,Provisional,UNSPECIFIED
2024-02-07 2:25,46,0.856,Provisional,UNSPECIFIED
2024-02-07 2:30,46,0.857,Provisional,UNSPECIFIED
2024-02-07 2:35,46,0.857,Provisional,UNSPECIFIED
2024-02-07 2:40,46,0.857,Provisional,UNSPECIFIED
2024-02-07 2:45,46,0.858,Provisional,UNSPECIFIED
2024-02-07 2:50,46,0.857,Provisional,UNSPECIFIED
2024-02-07 2:55,46,0.859,Provisional,UNSPECIFIED
2024-02-07 3:00,46,0.858,Provisional,UNSPECIFIED
2024-02-07 3:05,46,0.858,Provisional,UNSPECIFIED
2024-02-07 3:10,46,0.859,Provisional,UNSPECIFIED
2024-02-07 3:15,46,0.859,Provisional,UNSPECIFIED
2024-02-07 3:20,46,0.859,Provisional,UNSPECIFIED
2024-02-07 3:25,46,0.859,Provisional,UNSPECIFIED
2024-02-07 3:30,46,0.859,Provisional,UNSPECIFIED
2024-02-07 3:35,46,0.861,Provisional,UNSPECIFIED
2024-02-07 3:40,46,0.86,Provisional,UNSPECIFIED
2024-02-07 3:45,46,0.861,Provisional,UNSPECIFIED
2024-02-07 3:50,46,0.861,Provisional,UNSPECIFIED
2024-02-07 3:55,46,0.861,Provisional,UNSPECIFIED
2024-02-07 4:00,46,0.861,Provisional,UNSPECIFIED
2024-02-07 4:05,46,0.861,Provisional,UNSPECIFIED
2024-02-07 4:10,46,0.862,Provisional,UNSPECIFIED
2024-02-07 4:15,46,0.862,Provisional,UNSPECIFIED
2024-02-07 4:20,46,0.863,Provisional,UNSPECIFIED
2024-02-07 4:25,46,0.863,Provisional,UNSPECIFIED
2024-02-07 4:30,46,0.864,Provisional,UNSPECIFIED
2024-02-07 4:35,46,0.864,Provisional,UNSPECIFIED
2024-02-07 4:40,46,0.864,Provisional,UNSPECIFIED
2024-02-07 4:45,46,0.864,Provisional,UNSPECIFIED
2024-02-07 4:50,46,0.865,Provisional,UNSPECIFIED
2024-02-07 4:55,46,0.866,Provisional,UNSPECIFIED
2024-02-07 5:00,46,0.866,Provisional,UNSPECIFIED
2024-02-07 5:05,46,0.866,Provisional,UNSPECIFIED
2024-02-07 5:10,46,0.866,Provisional,UNSPECIFIED
2024-02-07 5:15,46,0.866,Provisional,UNSPECIFIED
2024-02-07 5:20,46,0.866,Provisional,UNSPECIFIED
2024-02-07 5:25,46,0.867,Provisional,UNSPECIFIED
2024-02-07 5:30,46,0.867,Provisional,UNSPECIFIED
2024-02-07 5:35,46,0.867,Provisional,UNSPECIFIED
2024-02-07 5:40,46,0.867,Provisional,UNSPECIFIED
2024-02-07 5:45,46,0.867,Provisional,UNSPECIFIED
2024-02-07 5:50,46,0.869,Provisional,UNSPECIFIED
2024-02-07 5:55,46,0.868,Provisional,UNSPECIFIED
2024-02-07 6:00,46,0.869,Provisional,UNSPECIFIED
2024-02-07 6:05,46,0.869,Provisional,UNSPECIFIED
2024-02-07 6:10,46,0.869,Provisional,UNSPECIFIED
2024-02-07 6:15,46,0.869,Provisional,UNSPECIFIED
2024-02-07 6:20,46,0.87,Provisional,UNSPECIFIED
2024-02-07 6:25,46,0.869,Provisional,UNSPECIFIED
2024-02-07 6:30,46,0.87,Provisional,UNSPECIFIED
2024-02-07 6:35,46,0.871,Provisional,UNSPECIFIED
2024-02-07 6:40,46,0.871,Provisional,UNSPECIFIED
2024-02-07 6:45,46,0.871,Provisional,UNSPECIFIED
2024-02-07 6:50,46,0.871,Provisional,UNSPECIFIED
2024-02-07 6:55,46,0.871,Provisional,UNSPECIFIED
2024-02-07 7:00,46,0.871,Provisional,UNSPECIFIED
2024-02-07 7:05,46,0.871,Provisional,UNSPECIFIED
2024-02-07 7:10,46,0.871,Provisional,UNSPECIFIED
2024-02-07 7:15,46,0.871,Provisional,UNSPECIFIED
2024-02-07 7:20,46,0.872,Provisional,UNSPECIFIED
2024-02-07 7:25,46,0.872,Provisional,UNSPECIFIED
2024-02-07 7:30,46,0.871,Provisional,UNSPECIFIED
2024-02-07 7:35,46,0.871,Provisional,UNSPECIFIED
2024-02-07 7:40,46,0.872,Provisional,UNSPECIFIED
2024-02-07 7:45,46,0.872,Provisional,UNSPECIFIED
2024-02-07 7:50,46,0.872,Provisional,UNSPECIFIED
2024-02-07 7:55,46,0.872,Provisional,UNSPECIFIED
2024-02-07 8:00,46,0.872,Provisional,UNSPECIFIED
2024-02-07 8:05,46,0.872,Provisional,UNSPECIFIED
2024-02-07 8:10,46,0.873,Provisional,UNSPECIFIED
2024-02-07 8:15,46,0.873,Provisional,UNSPECIFIED
2024-02-07 8:20,46,0.873,Provisional,UNSPECIFIED
2024-02-07 8:25,46,0.873,Provisional,UNSPECIFIED
2024-02-07 8:30,46,0.873,Provisional,UNSPECIFIED
2024-02-07 8:35,46,0.874,Provisional,UNSPECIFIED
2024-02-07 8:40,46,0.874,Provisional,UNSPECIFIED
2024-02-07 8:45,46,0.874,Provisional,UNSPECIFIED
2024-02-07 8:50,46,0.874,Provisional,UNSPECIFIED
2024-02-07 8:55,46,0.875,Provisional,UNSPECIFIED
2024-02-07 9:00,46,0.875,Provisional,UNSPECIFIED
2024-02-07 9:05,46,0.876,Provisional,UNSPECIFIED
2024-02-07 9:10,46,0.877,Provisional,UNSPECIFIED
2024-02-07 9:15,46,0.877,Provisional,UNSPECIFIED
2024-02-07 9:20,46,0.877,Provisional,UNSPECIFIED
2024-02-07 9:25,46,0.878,Provisional,UNSPECIFIED
2024-02-07 9:30,46,0.879,Provisional,UNSPECIFIED
2024-02-07 9:35,46,0.879,Provisional,UNSPECIFIED
2024-02-07 9:40,46,0.88,Provisional,UNSPECIFIED
2024-02-07 9:45,46,0.88,Provisional,UNSPECIFIED
2024-02-07 9:50,46,0.88,Provisional,UNSPECIFIED
2024-02-07 9:55,46,0.881,Provisional,UNSPECIFIED
2024-02-07 10:00,46,0.881,Provisional,UNSPECIFIED
2024-02-07 10:05,46,0.882,Provisional,UNSPECIFIED
2024-02-07 10:10,46,0.883,Provisional,UNSPECIFIED
2024-02-07 10:15,46,0.883,Provisional,UNSPECIFIED
2024-02-07 10:20,46,0.884,Provisional,UNSPECIFIED
2024-02-07 10:25,46,0.886,Provisional,UNSPECIFIED
2024-02-07 10:30,46,0.887,Provisional,UNSPECIFIED
2024-02-07 10:35,46,0.89,Provisional,UNSPECIFIED
2024-02-07 10:40,46,0.892,Provisional,UNSPECIFIED
2024-02-07 10:45,46,0.896,Provisional,UNSPECIFIED
2024-02-07 10:50,46,0.9,Provisional,UNSPECIFIED
2024-02-07 10:55,46,0.902,Provisional,UNSPECIFIED
2024-02-07 11:00,46,0.909,Provisional,UNSPECIFIED
2024-02-07 11:05,46,0.916,Provisional,UNSPECIFIED
2024-02-07 11:10,46,0.922,Provisional,UNSPECIFIED
2024-02-07 11:15,46,0.924,Provisional,UNSPECIFIED
2024-02-07 11:20,46,0.924,Provisional,UNSPECIFIED
2024-02-07 11:25,46,0.929,Provisional,UNSPECIFIED
2024-02-07 11:30,46,0.933,Provisional,UNSPECIFIED
2024-02-07 11:35,46,0.931,Provisional,UNSPECIFIED
2024-02-07 11:40,46,0.926,Provisional,UNSPECIFIED
2024-02-07 11:45,46,0.922,Provisional,UNSPECIFIED
2024-02-07 11:50,46,0.917,Provisional,UNSPECIFIED
2024-02-07 11:55,46,0.913,Provisional,UNSPECIFIED
2024-02-07 12:00,46,0.917,Provisional,UNSPECIFIED
2024-02-07 12:05,46,0.915,Provisional,UNSPECIFIED
2024-02-07 12:10,46,0.911,Provisional,UNSPECIFIED
2024-02-07 12:15,46,0.907,Provisional,UNSPECIFIED
2024-02-07 12:20,46,0.903,Provisional,UNSPECIFIED
2024-02-07 12:25,46,0.903,Provisional,UNSPECIFIED
2024-02-07 12:30,46,0.901,Provisional,UNSPECIFIED
2024-02-07 12:35,46,0.898,Provisional,UNSPECIFIED
2024-02-07 12:40,46,0.896,Provisional,UNSPECIFIED
2024-02-07 12:45,46,0.892,Provisional,UNSPECIFIED
2024-02-07 12:50,46,0.889,Provisional,UNSPECIFIED
2024-02-07 12:55,46,0.885,Provisional,UNSPECIFIED
2024-02-07 13:00,46,0.881,Provisional,UNSPECIFIED
2024-02-07 13:05,46,0.879,Provisional,UNSPECIFIED
2024-02-07 13:10,46,0.875,Provisional,UNSPECIFIED
2024-02-07 13:15,46,0.873,Provisional,UNSPECIFIED
2024-02-07 13:20,46,0.87,Provisional,UNSPECIFIED
2024-02-07 13:25,46,0.868,Provisional,UNSPECIFIED
2024-02-07 13:30,46,0.865,Provisional,UNSPECIFIED
2024-02-07 13:35,46,0.863,Provisional,UNSPECIFIED
2024-02-07 13:40,46,0.86,Provisional,UNSPECIFIED
2024-02-07 13:45,46,0.858,Provisional,UNSPECIFIED
2024-02-07 13:50,46,0.856,Provisional,UNSPECIFIED
2024-02-07 13:55,46,0.855,Provisional,UNSPECIFIED
2024-02-07 14:00,46,0.852,Provisional,UNSPECIFIED
2024-02-07 14:05,46,0.852,Provisional,UNSPECIFIED
2024-02-07 14:10,46,0.849,Provisional,UNSPECIFIED
2024-02-07 14:15,46,0.848,Provisional,UNSPECIFIED
2024-02-07 14:20,46,0.847,Provisional,UNSPECIFIED
2024-02-07 14:25,46,0.846,Provisional,UNSPECIFIED
2024-02-07 14:30,46,0.845,Provisional,UNSPECIFIED
2024-02-07 14:35,46,0.845,Provisional,UNSPECIFIED
2024-02-07 14:40,46,0.844,Provisional,UNSPECIFIED
2024-02-07 14:45,46,0.843,Provisional,UNSPECIFIED
2024-02-07 14:50,46,0.843,Provisional,UNSPECIFIED
2024-02-07 14:55,46,0.842,Provisional,UNSPECIFIED
2024-02-07 15:00,46,0.841,Provisional,UNSPECIFIED
2024-02-07 15:05,46,0.841,Provisional,UNSPECIFIED
2024-02-07 15:10,46,0.84,Provisional,UNSPECIFIED
2024-02-07 15:15,46,0.84,Provisional,UNSPECIFIED
2024-02-07 15:20,46,0.84,Provisional,UNSPECIFIED
2024-02-07 15:25,46,0.839,Provisional,UNSPECIFIED
2024-02-07 15:30,46,0.839,Provisional,UNSPECIFIED
2024-02-07 15:35,46,0.839,Provisional,UNSPECIFIED
2024-02-07 15:40,46,0.84,Provisional,UNSPECIFIED
2024-02-07 15:45,46,0.838,Provisional,UNSPECIFIED
2024-02-07 15:50,46,0.839,Provisional,UNSPECIFIED
2024-02-07 15:55,46,0.838,Provisional,UNSPECIFIED
2024-02-07 16:00,46,0.837,Provisional,UNSPECIFIED
2024-02-07 16:05,46,0.838,Provisional,UNSPECIFIED
2024-02-07 16:10,46,0.838,Provisional,UNSPECIFIED
2024-02-07 16:15,46,0.837,Provisional,UNSPECIFIED
2024-02-07 16:20,46,0.838,Provisional,UNSPECIFIED
2024-02-07 16:25,46,0.837,Provisional,UNSPECIFIED
2024-02-07 16:30,46,0.837,Provisional,UNSPECIFIED
2024-02-07 16:35,46,0.837,Provisional,UNSPECIFIED
2024-02-07 16:40,46,0.837,Provisional,UNSPECIFIED
2024-02-07 16:45,46,0.836,Provisional,UNSPECIFIED
2024-02-07 16:50,46,0.836,Provisional,UNSPECIFIED
2024-02-07 16:55,46,0.836,Provisional,UNSPECIFIED
2024-02-07 17:00,46,0.836,Provisional,UNSPECIFIED
2024-02-07 17:05,46,0.837,Provisional,UNSPECIFIED
2024-02-07 17:10,46,0.836,Provisional,UNSPECIFIED
2024-02-07 17:15,46,0.837,Provisional,UNSPECIFIED
2024-02-07 17:20,46,0.836,Provisional,UNSPECIFIED
2024-02-07 17:25,46,0.835,Provisional,UNSPECIFIED
2024-02-07 17:30,46,0.835,Provisional,UNSPECIFIED
2024-02-07 17:35,46,0.835,Provisional,UNSPECIFIED
2024-02-07 17:40,46,0.834,Provisional,UNSPECIFIED
2024-02-07 17:45,46,0.835,Provisional,UNSPECIFIED
2024-02-07 17:50,46,0.835,Provisional,UNSPECIFIED
2024-02-07 17:55,46,0.834,Provisional,UNSPECIFIED
2024-02-07 18:00,46,0.835,Provisional,UNSPECIFIED
2024-02-07 18:05,46,0.835,Provisional,UNSPECIFIED
2024-02-07 18:10,46,0.835,Provisional,UNSPECIFIED
2024-02-07 18:15,46,0.836,Provisional,UNSPECIFIED
2024-02-07 18:20,46,0.835,Provisional,UNSPECIFIED
2024-02-07 18:25,46,0.835,Provisional,UNSPECIFIED
2024-02-07 18:30,46,0.835,Provisional,UNSPECIFIED
2024-02-07 18:35,46,0.835,Provisional,UNSPECIFIED
2024-02-07 18:40,46,0.834,Provisional,UNSPECIFIED
2024-02-07 18:45,46,0.834,Provisional,UNSPECIFIED
2024-02-07 18:50,46,0.835,Provisional,UNSPECIFIED
2024-02-07 18:55,46,0.835,Provisional,UNSPECIFIED
2024-02-07 19:00,46,0.835,Provisional,UNSPECIFIED
2024-02-07 19:05,46,0.834,Provisional,UNSPECIFIED
2024-02-07 19:10,46,0.834,Provisional,UNSPECIFIED
2024-02-07 19:15,46,0.834,Provisional,UNSPECIFIED
2024-02-07 19:20,46,0.834,Provisional,UNSPECIFIED
2024-02-07 19:25,46,0.833,Provisional,UNSPECIFIED
2024-02-07 19:30,46,0.834,Provisional,UNSPECIFIED
2024-02-07 19:35,46,0.835,Provisional,UNSPECIFIED
2024-02-07 19:40,46,0.833,Provisional,UNSPECIFIED
2024-02-07 19:45,46,0.833,Provisional,UNSPECIFIED
2024-02-07 19:50,46,0.833,Provisional,UNSPECIFIED
2024-02-07 19:55,46,0.833,Provisional,UNSPECIFIED
2024-02-07 20:00,46,0.832,Provisional,UNSPECIFIED
2024-02-07 20:05,46,0.832,Provisional,UNSPECIFIED
2024-02-07 20:10,46,0.832,Provisional,UNSPECIFIED
2024-02-07 20:15,46,0.832,Provisional,UNSPECIFIED
2024-02-07 20:20,46,0.832,Provisional,UNSPECIFIED
2024-02-07 20:25,46,0.832,Provisional,UNSPECIFIED
2024-02-07 20:30,46,0.832,Provisional,UNSPECIFIED
2024-02-07 20:35,46,0.831,Provisional,UNSPECIFIED
2024-02-07 20:40,46,0.831,Provisional,UNSPECIFIED
2024-02-07 20:45,46,0.832,Provisional,UNSPECIFIED
2024-02-07 20:50,46,0.832,Provisional,UNSPECIFIED
2024-02-07 20:55,46,0.831,Provisional,UNSPECIFIED
2024-02-07 21:00,46,0.832,Provisional,UNSPECIFIED
2024-02-07 21:05,46,0.832,Provisional,UNSPECIFIED
2024-02-07 21:10,46,0.831,Provisional,UNSPECIFIED
2024-02-07 21:15,46,0.831,Provisional,UNSPECIFIED
2024-02-07 21:20,46,0.831,Provisional,UNSPECIFIED
2024-02-07 21:25,46,0.831,Provisional,UNSPECIFIED
2024-02-07 21:30,46,0.831,Provisional,UNSPECIFIED
2024-02-07 21:35,46,0.83,Provisional,UNSPECIFIED
2024-02-07 21:40,46,0.83,Provisional,UNSPECIFIED
2024-02-07 21:45,46,0.831,Provisional,UNSPECIFIED
2024-02-07 21:50,46,0.83,Provisional,UNSPECIFIED
2024-02-07 21:55,46,0.83,Provisional,UNSPECIFIED
2024-02-07 22:00,46,0.83,Provisional,UNSPECIFIED
2024-02-07 22:05,46,0.83,Provisional,UNSPECIFIED
2024-02-07 22:10,46,0.831,Provisional,UNSPECIFIED
2024-02-07 22:15,46,0.83,Provisional,UNSPECIFIED
2024-02-07 22:20,46,0.829,Provisional,UNSPECIFIED
2024-02-07 22:25,46,0.829,Provisional,UNSPECIFIED
2024-02-07 22:30,46,0.83,Provisional,UNSPECIFIED
2024-02-07 22:35,46,0.83,Provisional,UNSPECIFIED
2024-02-07 22:40,46,0.83,Provisional,UNSPECIFIED
2024-02-07 22:45,46,0.829,Provisional,UNSPECIFIED
2024-02-07 22:50,46,0.83,Provisional,UNSPECIFIED
2024-02-07 22:55,46,0.83,Provisional,UNSPECIFIED
2024-02-07 23:00,46,0.829,Provisional,UNSPECIFIED
2024-02-07 23:05,46,0.829,Provisional,UNSPECIFIED
2024-02-07 23:10,46,0.83,Provisional,UNSPECIFIED
2024-02-07 23:15,46,0.828,Provisional,UNSPECIFIED
2024-02-07 23:20,46,0.828,Provisional,UNSPECIFIED
2024-02-07 23:25,46,0.829,Provisional,UNSPECIFIED
2024-02-07 23:30,46,0.829,Provisional,UNSPECIFIED
2024-02-07 23:35,46,0.829,Provisional,UNSPECIFIED
2024-02-07 23:40,46,0.828,Provisional,UNSPECIFIED
2024-02-07 23:45,46,0.828,Provisional,UNSPECIFIED
2024-02-07 23:50,46,0.829,Provisional,UNSPECIFIED
2024-02-07 23:55,46,0.829,Provisional,UNSPECIFIED
2024-02-08 0:00,46,0.828,Provisional,UNSPECIFIED
2024-02-08 0:05,46,0.828,Provisional,UNSPECIFIED
2024-02-08 0:10,46,0.828,Provisional,UNSPECIFIED
2024-02-08 0:15,46,0.828,Provisional,UNSPECIFIED
2024-02-08 0:20,46,0.828,Provisional,UNSPECIFIED
2024-02-08 0:25,46,0.827,Provisional,UNSPECIFIED
2024-02-08 0:30,46,0.827,Provisional,UNSPECIFIED
2024-02-08 0:35,46,0.827,Provisional,UNSPECIFIED
2024-02-08 0:40,46,0.828,Provisional,UNSPECIFIED
2024-02-08 0:45,46,0.827,Provisional,UNSPECIFIED
2024-02-08 0:50,46,0.827,Provisional,UNSPECIFIED
2024-02-08 0:55,46,0.828,Provisional,UNSPECIFIED
2024-02-08 1:00,46,0.827,Provisional,UNSPECIFIED
2024-02-08 1:05,46,0.826,Provisional,UNSPECIFIED
2024-02-08 1:10,46,0.827,Provisional,UNSPECIFIED
2024-02-08 1:15,46,0.826,Provisional,UNSPECIFIED
2024-02-08 1:20,46,0.827,Provisional,UNSPECIFIED
2024-02-08 1:25,46,0.827,Provisional,UNSPECIFIED
2024-02-08 1:30,46,0.826,Provisional,UNSPECIFIED
2024-02-08 1:35,46,0.827,Provisional,UNSPECIFIED
2024-02-08 1:40,46,0.827,Provisional,UNSPECIFIED
2024-02-08 1:45,46,0.827,Provisional,UNSPECIFIED
2024-02-08 1:50,46,0.826,Provisional,UNSPECIFIED
2024-02-08 1:55,46,0.826,Provisional,UNSPECIFIED
2024-02-08 2:00,46,0.827,Provisional,UNSPECIFIED
2024-02-08 2:05,46,0.826,Provisional,UNSPECIFIED
2024-02-08 2:10,46,0.826,Provisional,UNSPECIFIED
2024-02-08 2:15,46,0.827,Provisional,UNSPECIFIED
2024-02-08 2:20,46,0.826,Provisional,UNSPECIFIED
2024-02-08 2:25,46,0.826,Provisional,UNSPECIFIED
2024-02-08 2:30,46,0.826,Provisional,UNSPECIFIED
2024-02-08 2:35,46,0.826,Provisional,UNSPECIFIED
2024-02-08 2:40,46,0.826,Provisional,UNSPECIFIED
2024-02-08 2:45,46,0.827,Provisional,UNSPECIFIED
2024-02-08 2:50,46,0.826,Provisional,UNSPECIFIED
2024-02-08 2:55,46,0.825,Provisional,UNSPECIFIED
2024-02-08 3:00,46,0.826,Provisional,UNSPECIFIED
2024-02-08 3:05,46,0.826,Provisional,UNSPECIFIED
2024-02-08 3:10,46,0.825,Provisional,UNSPECIFIED
2024-02-08 3:15,46,0.825,Provisional,UNSPECIFIED
2024-02-08 3:20,46,0.825,Provisional,UNSPECIFIED
2024-02-08 3:25,46,0.825,Provisional,UNSPECIFIED
2024-02-08 3:30,46,0.825,Provisional,UNSPECIFIED
2024-02-08 3:35,46,0.825,Provisional,UNSPECIFIED
2024-02-08 3:40,46,0.824,Provisional,UNSPECIFIED
2024-02-08 3:45,46,0.825,Provisional,UNSPECIFIED
2024-02-08 3:50,46,0.825,Provisional,UNSPECIFIED
2024-02-08 3:55,46,0.825,Provisional,UNSPECIFIED
2024-02-08 4:00,46,0.825,Provisional,UNSPECIFIED
2024-02-08 4:05,46,0.824,Provisional,UNSPECIFIED
2024-02-08 4:10,46,0.824,Provisional,UNSPECIFIED
2024-02-08 4:15,46,0.824,Provisional,UNSPECIFIED
2024-02-08 4:20,46,0.823,Provisional,UNSPECIFIED
2024-02-08 4:25,46,0.823,Provisional,UNSPECIFIED
2024-02-08 4:30,46,0.823,Provisional,UNSPECIFIED
2024-02-08 4:35,46,0.821,Provisional,UNSPECIFIED
2024-02-08 4:40,46,0.821,Provisional,UNSPECIFIED
2024-02-08 4:45,46,0.821,Provisional,UNSPECIFIED
2024-02-08 4:50,46,0.82,Provisional,UNSPECIFIED
2024-02-08 4:55,46,0.819,Provisional,UNSPECIFIED
2024-02-08 5:00,46,0.818,Provisional,UNSPECIFIED
2024-02-08 5:05,46,0.818,Provisional,UNSPECIFIED
2024-02-08 5:10,46,0.817,Provisional,UNSPECIFIED
2024-02-08 5:15,46,0.817,Provisional,UNSPECIFIED
2024-02-08 5:20,46,0.817,Provisional,UNSPECIFIED
2024-02-08 5:25,46,0.816,Provisional,UNSPECIFIED
2024-02-08 5:30,46,0.817,Provisional,UNSPECIFIED
2024-02-08 5:35,46,0.816,Provisional,UNSPECIFIED
2024-02-08 5:40,46,0.816,Provisional,UNSPECIFIED
2024-02-08 5:45,46,0.816,Provisional,UNSPECIFIED
2024-02-08 5:50,46,0.817,Provisional,UNSPECIFIED
2024-02-08 5:55,46,0.817,Provisional,UNSPECIFIED
2024-02-08 6:00,46,0.818,Provisional,UNSPECIFIED
2024-02-08 6:05,46,0.817,Provisional,UNSPECIFIED
2024-02-08 6:10,46,0.818,Provisional,UNSPECIFIED
2024-02-08 6:15,46,0.817,Provisional,UNSPECIFIED
2024-02-08 6:20,46,0.818,Provisional,UNSPECIFIED
2024-02-08 6:25,46,0.818,Provisional,UNSPECIFIED
2024-02-08 6:30,46,0.818,Provisional,UNSPECIFIED
2024-02-08 6:35,46,0.819,Provisional,UNSPECIFIED
2024-02-08 6:40,46,0.819,Provisional,UNSPECIFIED
2024-02-08 6:45,46,0.819,Provisional,UNSPECIFIED
2024-02-08 6:50,46,0.819,Provisional,UNSPECIFIED
2024-02-08 6:55,46,0.819,Provisional,UNSPECIFIED
2024-02-08 7:00,46,0.819,Provisional,UNSPECIFIED
2024-02-08 7:05,46,0.82,Provisional,UNSPECIFIED
2024-02-08 7:10,46,0.82,Provisional,UNSPECIFIED
2024-02-08 7:15,46,0.821,Provisional,UNSPECIFIED
2024-02-08 7:20,46,0.82,Provisional,UNSPECIFIED
2024-02-08 7:25,46,0.82,Provisional,UNSPECIFIED
2024-02-08 7:30,46,0.821,Provisional,UNSPECIFIED
2024-02-08 7:35,46,0.82,Provisional,UNSPECIFIED
2024-02-08 7:40,46,0.821,Provisional,UNSPECIFIED
2024-02-08 7:45,46,0.821,Provisional,UNSPECIFIED
2024-02-08 7:50,46,0.822,Provisional,UNSPECIFIED
2024-02-08 7:55,46,0.822,Provisional,UNSPECIFIED
2024-02-08 8:00,46,0.822,Provisional,UNSPECIFIED
2024-02-08 8:05,46,0.822,Provisional,UNSPECIFIED
2024-02-08 8:10,46,0.823,Provisional,UNSPECIFIED
2024-02-08 8:15,46,0.822,Provisional,UNSPECIFIED
2024-02-08 8:20,46,0.823,Provisional,UNSPECIFIED
2024-02-08 8:25,46,0.823,Provisional,UNSPECIFIED
2024-02-08 8:30,46,0.823,Provisional,UNSPECIFIED
2024-02-08 8:35,46,0.823,Provisional,UNSPECIFIED
2024-02-08 8:40,46,0.823,Provisional,UNSPECIFIED
2024-02-08 8:45,46,0.823,Provisional,UNSPECIFIED
2024-02-08 8:50,46,0.823,Provisional,UNSPECIFIED
2024-02-08 8:55,46,0.823,Provisional,UNSPECIFIED
2024-02-08 9:00,46,0.824,Provisional,UNSPECIFIED
2024-02-08 9:05,46,0.824,Provisional,UNSPECIFIED
2024-02-08 9:10,46,0.824,Provisional,UNSPECIFIED
2024-02-08 9:15,46,0.824,Provisional,UNSPECIFIED
2024-02-08 9:20,46,0.825,Provisional,UNSPECIFIED
2024-02-08 9:25,46,0.825,Provisional,UNSPECIFIED
2024-02-08 9:30,46,0.826,Provisional,UNSPECIFIED
2024-02-08 9:35,46,0.827,Provisional,UNSPECIFIED
2024-02-08 9:40,46,0.827,Provisional,UNSPECIFIED
2024-02-08 9:45,46,0.827,Provisional,UNSPECIFIED
2024-02-08 9:50,46,0.828,Provisional,UNSPECIFIED
2024-02-08 9:55,46,0.828,Provisional,UNSPECIFIED
2024-02-08 10:00,46,0.829,Provisional,UNSPECIFIED
2024-02-08 10:05,46,0.832,Provisional,UNSPECIFIED
2024-02-08 10:10,46,0.833,Provisional,UNSPECIFIED
2024-02-08 10:15,46,0.833,Provisional,UNSPECIFIED
2024-02-08 10:20,46,0.834,Provisional,UNSPECIFIED
2024-02-08 10:25,46,0.835,Provisional,UNSPECIFIED
2024-02-08 10:30,46,0.837,Provisional,UNSPECIFIED
2024-02-08 10:35,46,0.839,Provisional,UNSPECIFIED
2024-02-08 10:40,46,0.84,Provisional,UNSPECIFIED
2024-02-08 10:45,46,0.84,Provisional,UNSPECIFIED
2024-02-08 10:50,46,0.841,Provisional,UNSPECIFIED
2024-02-08 10:55,46,0.841,Provisional,UNSPECIFIED
2024-02-08 11:00,46,0.841,Provisional,UNSPECIFIED
2024-02-08 11:05,46,0.841,Provisional,UNSPECIFIED
2024-02-08 11:10,46,0.839,Provisional,UNSPECIFIED
2024-02-08 11:15,46,0.84,Provisional,UNSPECIFIED
2024-02-08 11:20,46,0.839,Provisional,UNSPECIFIED
2024-02-08 11:25,46,0.838,Provisional,UNSPECIFIED
2024-02-08 11:30,46,0.839,Provisional,UNSPECIFIED
2024-02-08 11:35,46,0.836,Provisional,UNSPECIFIED
2024-02-08 11:40,46,0.833,Provisional,UNSPECIFIED
2024-02-08 11:45,46,0.831,Provisional,UNSPECIFIED
2024-02-08 11:50,46,0.829,Provisional,UNSPECIFIED
2024-02-08 11:55,46,0.827,Provisional,UNSPECIFIED
2024-02-08 12:00,46,0.825,Provisional,UNSPECIFIED
2024-02-08 12:05,46,0.824,Provisional,UNSPECIFIED
2024-02-08 12:10,46,0.823,Provisional,UNSPECIFIED
2024-02-08 12:15,46,0.822,Provisional,UNSPECIFIED
2024-02-08 12:20,46,0.821,Provisional,UNSPECIFIED
2024-02-08 12:25,46,0.821,Provisional,UNSPECIFIED
2024-02-08 12:30,46,0.821,Provisional,UNSPECIFIED
2024-02-08 12:35,46,0.82,Provisional,UNSPECIFIED
2024-02-08 12:40,46,0.819,Provisional,UNSPECIFIED
2024-02-08 12:45,46,0.819,Provisional,UNSPECIFIED
2024-02-08 12:50,46,0.819,Provisional,UNSPECIFIED
2024-02-08 12:55,46,0.819,Provisional,UNSPECIFIED
2024-02-08 13:00,46,0.819,Provisional,UNSPECIFIED
2024-02-08 13:05,46,0.819,Provisional,UNSPECIFIED
2024-02-08 13:10,46,0.819,Provisional,UNSPECIFIED
2024-02-08 13:15,46,0.819,Provisional,UNSPECIFIED
2024-02-08 13:20,46,0.819,Provisional,UNSPECIFIED
2024-02-08 13:25,46,0.819,Provisional,UNSPECIFIED
2024-02-08 13:30,46,0.819,Provisional,UNSPECIFIED
2024-02-08 13:35,46,0.819,Provisional,UNSPECIFIED
2024-02-08 13:40,46,0.819,Provisional,UNSPECIFIED
2024-02-08 13:45,46,0.819,Provisional,UNSPECIFIED
2024-02-08 13:50,46,0.819,Provisional,UNSPECIFIED
2024-02-08 13:55,46,0.819,Provisional,UNSPECIFIED
2024-02-08 14:00,46,0.819,Provisional,UNSPECIFIED
2024-02-08 14:05,46,0.819,Provisional,UNSPECIFIED
2024-02-08 14:10,46,0.819,Provisional,UNSPECIFIED
2024-02-08 14:15,46,0.819,Provisional,UNSPECIFIED
2024-02-08 14:20,46,0.818,Provisional,UNSPECIFIED
2024-02-08 14:25,46,0.819,Provisional,UNSPECIFIED
2024-02-08 14:30,46,0.819,Provisional,UNSPECIFIED
2024-02-08 14:35,46,0.819,Provisional,UNSPECIFIED
2024-02-08 14:40,46,0.819,Provisional,UNSPECIFIED
2024-02-08 14:45,46,0.819,Provisional,UNSPECIFIED
2024-02-08 14:50,46,0.819,Provisional,UNSPECIFIED
2024-02-08 14:55,46,0.818,Provisional,UNSPECIFIED
2024-02-08 15:00,46,0.817,Provisional,UNSPECIFIED
2024-02-08 15:05,46,0.818,Provisional,UNSPECIFIED
2024-02-08 15:10,46,0.818,Provisional,UNSPECIFIED
2024-02-08 15:15,46,0.818,Provisional,UNSPECIFIED
2024-02-08 15:20,46,0.818,Provisional,UNSPECIFIED
2024-02-08 15:25,46,0.818,Provisional,UNSPECIFIED
2024-02-08 15:30,46,0.817,Provisional,UNSPECIFIED
2024-02-08 15:35,46,0.817,Provisional,UNSPECIFIED
2024-02-08 15:40,46,0.817,Provisional,UNSPECIFIED
2024-02-08 15:45,46,0.818,Provisional,UNSPECIFIED
2024-02-08 15:50,46,0.818,Provisional,UNSPECIFIED
2024-02-08 15:55,46,0.817,Provisional,UNSPECIFIED
2024-02-08 16:00,46,0.817,Provisional,UNSPECIFIED
2024-02-08 16:05,46,0.816,Provisional,UNSPECIFIED
2024-02-08 16:10,46,0.817,Provisional,UNSPECIFIED
2024-02-08 16:15,46,0.817,Provisional,UNSPECIFIED
2024-02-08 16:20,46,0.817,Provisional,UNSPECIFIED
2024-02-08 16:25,46,0.817,Provisional,UNSPECIFIED
2024-02-08 16:30,46,0.817,Provisional,UNSPECIFIED
2024-02-08 16:35,46,0.816,Provisional,UNSPECIFIED
2024-02-08 16:40,46,0.816,Provisional,UNSPECIFIED
2024-02-08 16:45,46,0.816,Provisional,UNSPECIFIED
2024-02-08 16:50,46,0.816,Provisional,UNSPECIFIED
2024-02-08 16:55,46,0.816,Provisional,UNSPECIFIED
2024-02-08 17:00,46,0.816,Provisional,UNSPECIFIED
2024-02-08 17:05,46,0.816,Provisional,UNSPECIFIED
2024-02-08 17:10,46,0.816,Provisional,UNSPECIFIED
2024-02-08 17:15,46,0.815,Provisional,UNSPECIFIED
2024-02-08 17:20,46,0.816,Provisional,UNSPECIFIED
2024-02-08 17:25,46,0.816,Provisional,UNSPECIFIED
2024-02-08 17:30,46,0.816,Provisional,UNSPECIFIED
2024-02-08 17:35,46,0.815,Provisional,UNSPECIFIED
2024-02-08 17:40,46,0.815,Provisional,UNSPECIFIED
2024-02-08 17:45,46,0.815,Provisional,UNSPECIFIED
2024-02-08 17:50,46,0.815,Provisional,UNSPECIFIED
2024-02-08 17:55,46,0.816,Provisional,UNSPECIFIED
2024-02-08 18:00,46,0.814,Provisional,UNSPECIFIED
2024-02-08 18:05,46,0.814,Provisional,UNSPECIFIED
2024-02-08 18:10,46,0.815,Provisional,UNSPECIFIED
2024-02-08 18:15,46,0.814,Provisional,UNSPECIFIED
2024-02-08 18:20,46,0.814,Provisional,UNSPECIFIED
2024-02-08 18:25,46,0.814,Provisional,UNSPECIFIED
2024-02-08 18:30,46,0.814,Provisional,UNSPECIFIED
2024-02-08 18:35,46,0.815,Provisional,UNSPECIFIED
2024-02-08 18:40,46,0.814,Provisional,UNSPECIFIED
2024-02-08 18:45,46,0.814,Provisional,UNSPECIFIED
2024-02-08 18:50,46,0.814,Provisional,UNSPECIFIED
2024-02-08 18:55,46,0.814,Provisional,UNSPECIFIED
2024-02-08 19:00,46,0.814,Provisional,UNSPECIFIED
2024-02-08 19:05,46,0.814,Provisional,UNSPECIFIED
2024-02-08 19:10,46,0.814,Provisional,UNSPECIFIED
2024-02-08 19:15,46,0.814,Provisional,UNSPECIFIED
2024-02-08 19:20,46,0.814,Provisional,UNSPECIFIED
2024-02-08 19:25,46,0.814,Provisional,UNSPECIFIED
2024-02-08 19:30,46,0.814,Provisional,UNSPECIFIED
2024-02-08 19:35,46,0.814,Provisional,UNSPECIFIED
2024-02-08 19:40,46,0.813,Provisional,UNSPECIFIED
2024-02-08 19:45,46,0.814,Provisional,UNSPECIFIED
2024-02-08 19:50,46,0.813,Provisional,UNSPECIFIED
2024-02-08 19:55,46,0.812,Provisional,UNSPECIFIED
2024-02-08 20:00,46,0.813,Provisional,UNSPECIFIED
2024-02-08 20:05,46,0.813,Provisional,UNSPECIFIED
2024-02-08 20:10,46,0.813,Provisional,UNSPECIFIED
2024-02-08 20:15,46,0.813,Provisional,UNSPECIFIED
2024-02-08 20:20,46,0.812,Provisional,UNSPECIFIED
2024-02-08 20:25,46,0.812,Provisional,UNSPECIFIED
2024-02-08 20:30,46,0.812,Provisional,UNSPECIFIED
2024-02-08 20:35,46,0.811,Provisional,UNSPECIFIED
2024-02-08 20:40,46,0.811,Provisional,UNSPECIFIED
2024-02-08 20:45,46,0.811,Provisional,UNSPECIFIED
2024-02-08 20:50,46,0.811,Provisional,UNSPECIFIED
2024-02-08 20:55,46,0.81,Provisional,UNSPECIFIED
2024-02-08 21:00,46,0.809,Provisional,UNSPECIFIED
2024-02-08 21:05,46,0.809,Provisional,UNSPECIFIED
2024-02-08 21:10,46,0.809,Provisional,UNSPECIFIED
2024-02-08 21:15,46,0.807,Provisional,UNSPECIFIED
2024-02-08 21:20,46,0.807,Provisional,UNSPECIFIED
2024-02-08 21:25,46,0.806,Provisional,UNSPECIFIED
2024-02-08 21:30,46,0.806,Provisional,UNSPECIFIED
2024-02-08 21:35,46,0.804,Provisional,UNSPECIFIED
2024-02-08 21:40,46,0.804,Provisional,UNSPECIFIED
2024-02-08 21:45,46,0.803,Provisional,UNSPECIFIED
2024-02-08 21:50,46,0.803,Provisional,UNSPECIFIED
2024-02-08 21:55,46,0.802,Provisional,UNSPECIFIED
2024-02-08 22:00,46,0.802,Provisional,UNSPECIFIED
2024-02-08 22:05,46,0.801,Provisional,UNSPECIFIED
2024-02-08 22:10,46,0.802,Provisional,UNSPECIFIED
2024-02-08 22:15,46,0.802,Provisional,UNSPECIFIED
2024-02-08 22:20,46,0.801,Provisional,UNSPECIFIED
2024-02-08 22:25,46,0.802,Provisional,UNSPECIFIED
2024-02-08 22:30,46,0.802,Provisional,UNSPECIFIED
2024-02-08 22:35,46,0.802,Provisional,UNSPECIFIED
2024-02-08 22:40,46,0.803,Provisional,UNSPECIFIED
2024-02-08 22:45,46,0.803,Provisional,UNSPECIFIED
2024-02-08 22:50,46,0.803,Provisional,UNSPECIFIED
2024-02-08 22:55,46,0.804,Provisional,UNSPECIFIED
2024-02-08 23:00,46,0.804,Provisional,UNSPECIFIED
2024-02-08 23:05,46,0.805,Provisional,UNSPECIFIED
2024-02-08 23:10,46,0.805,Provisional,UNSPECIFIED
2024-02-08 23:15,46,0.805,Provisional,UNSPECIFIED
2024-02-08 23:20,46,0.805,Provisional,UNSPECIFIED
2024-02-08 23:25,46,0.806,Provisional,UNSPECIFIED
2024-02-08 23:30,46,0.806,Provisional,UNSPECIFIED
2024-02-08 23:35,46,0.806,Provisional,UNSPECIFIED
2024-02-08 23:40,46,0.806,Provisional,UNSPECIFIED
2024-02-08 23:45,46,0.806,Provisional,UNSPECIFIED
2024-02-08 23:50,46,0.807,Provisional,UNSPECIFIED
2024-02-08 23:55,46,0.806,Provisional,UNSPECIFIED
2024-02-09 0:00,46,0.808,Provisional,UNSPECIFIED
2024-02-09 0:05,46,0.807,Provisional,UNSPECIFIED
2024-02-09 0:10,46,0.809,Provisional,UNSPECIFIED
2024-02-09 0:15,46,0.809,Provisional,UNSPECIFIED
2024-02-09 0:20,46,0.809,Provisional,UNSPECIFIED
2024-02-09 0:25,46,0.81,Provisional,UNSPECIFIED
2024-02-09 0:30,46,0.811,Provisional,UNSPECIFIED
2024-02-09 0:35,46,0.811,Provisional,UNSPECIFIED
2024-02-09 0:40,46,0.811,Provisional,UNSPECIFIED
2024-02-09 0:45,46,0.812,Provisional,UNSPECIFIED
2024-02-09 0:50,46,0.812,Provisional,UNSPECIFIED
2024-02-09 0:55,46,0.813,Provisional,UNSPECIFIED
2024-02-09 1:00,46,0.813,Provisional,UNSPECIFIED
2024-02-09 1:05,46,0.814,Provisional,UNSPECIFIED
2024-02-09 1:10,46,0.815,Provisional,UNSPECIFIED
2024-02-09 1:15,46,0.815,Provisional,UNSPECIFIED
2024-02-09 1:20,46,0.816,Provisional,UNSPECIFIED
2024-02-09 1:25,46,0.816,Provisional,UNSPECIFIED
2024-02-09 1:30,46,0.816,Provisional,UNSPECIFIED
2024-02-09 1:35,46,0.817,Provisional,UNSPECIFIED
2024-02-09 1:40,46,0.817,Provisional,UNSPECIFIED
2024-02-09 1:45,46,0.817,Provisional,UNSPECIFIED
2024-02-09 1:50,46,0.818,Provisional,UNSPECIFIED
2024-02-09 1:55,46,0.818,Provisional,UNSPECIFIED
2024-02-09 2:00,46,0.819,Provisional,UNSPECIFIED
2024-02-09 2:05,46,0.819,Provisional,UNSPECIFIED
2024-02-09 2:10,46,0.819,Provisional,UNSPECIFIED
2024-02-09 2:15,46,0.819,Provisional,UNSPECIFIED
2024-02-09 2:20,46,0.819,Provisional,UNSPECIFIED
2024-02-09 2:25,46,0.82,Provisional,UNSPECIFIED
2024-02-09 2:30,46,0.82,Provisional,UNSPECIFIED
2024-02-09 2:35,46,0.82,Provisional,UNSPECIFIED
2024-02-09 2:40,46,0.82,Provisional,UNSPECIFIED
2024-02-09 2:45,46,0.821,Provisional,UNSPECIFIED
2024-02-09 2:50,46,0.822,Provisional,UNSPECIFIED
2024-02-09 2:55,46,0.823,Provisional,UNSPECIFIED
2024-02-09 3:00,46,0.822,Provisional,UNSPECIFIED
2024-02-09 3:05,46,0.823,Provisional,UNSPECIFIED
2024-02-09 3:10,46,0.824,Provisional,UNSPECIFIED
2024-02-09 3:15,46,0.825,Provisional,UNSPECIFIED
2024-02-09 3:20,46,0.824,Provisional,UNSPECIFIED
2024-02-09 3:25,46,0.825,Provisional,UNSPECIFIED
2024-02-09 3:30,46,0.826,Provisional,UNSPECIFIED
2024-02-09 3:35,46,0.826,Provisional,UNSPECIFIED
2024-02-09 3:40,46,0.826,Provisional,UNSPECIFIED
2024-02-09 3:45,46,0.827,Provisional,UNSPECIFIED
2024-02-09 3:50,46,0.828,Provisional,UNSPECIFIED
2024-02-09 3:55,46,0.827,Provisional,UNSPECIFIED
2024-02-09 4:00,46,0.827,Provisional,UNSPECIFIED
2024-02-09 4:05,46,0.828,Provisional,UNSPECIFIED
2024-02-09 4:10,46,0.828,Provisional,UNSPECIFIED
2024-02-09 4:15,46,0.829,Provisional,UNSPECIFIED
2024-02-09 4:20,46,0.829,Provisional,UNSPECIFIED
2024-02-09 4:25,46,0.829,Provisional,UNSPECIFIED
2024-02-09 4:30,46,0.829,Provisional,UNSPECIFIED
2024-02-09 4:35,46,0.83,Provisional,UNSPECIFIED
2024-02-09 4:40,46,0.831,Provisional,UNSPECIFIED
2024-02-09 4:45,46,0.831,Provisional,UNSPECIFIED
2024-02-09 4:50,46,0.831,Provisional,UNSPECIFIED
2024-02-09 4:55,46,0.831,Provisional,UNSPECIFIED
2024-02-09 5:00,46,0.832,Provisional,UNSPECIFIED
2024-02-09 5:05,46,0.832,Provisional,UNSPECIFIED
2024-02-09 5:10,46,0.833,Provisional,UNSPECIFIED
2024-02-09 5:15,46,0.833,Provisional,UNSPECIFIED
2024-02-09 5:20,46,0.834,Provisional,UNSPECIFIED
2024-02-09 5:25,46,0.834,Provisional,UNSPECIFIED
2024-02-09 5:30,46,0.834,Provisional,UNSPECIFIED
2024-02-09 5:35,46,0.835,Provisional,UNSPECIFIED
2024-02-09 5:40,46,0.835,Provisional,UNSPECIFIED
2024-02-09 5:45,46,0.836,Provisional,UNSPECIFIED
2024-02-09 5:50,46,0.836,Provisional,UNSPECIFIED
2024-02-09 5:55,46,0.837,Provisional,UNSPECIFIED
2024-02-09 6:00,46,0.837,Provisional,UNSPECIFIED
2024-02-09 6:05,46,0.838,Provisional,UNSPECIFIED
2024-02-09 6:10,46,0.838,Provisional,UNSPECIFIED
2024-02-09 6:15,46,0.839,Provisional,UNSPECIFIED
2024-02-09 6:20,46,0.838,Provisional,UNSPECIFIED
2024-02-09 6:25,46,0.84,Provisional,UNSPECIFIED
2024-02-09 6:30,46,0.84,Provisional,UNSPECIFIED
2024-02-09 6:35,46,0.839,Provisional,UNSPECIFIED
2024-02-09 6:40,46,0.84,Provisional,UNSPECIFIED
2024-02-09 6:45,46,0.841,Provisional,UNSPECIFIED
2024-02-09 6:50,46,0.841,Provisional,UNSPECIFIED
2024-02-09 6:55,46,0.843,Provisional,UNSPECIFIED
2024-02-09 7:00,46,0.841,Provisional,UNSPECIFIED
2024-02-09 7:05,46,0.842,Provisional,UNSPECIFIED
2024-02-09 7:10,46,0.843,Provisional,UNSPECIFIED
2024-02-09 7:15,46,0.843,Provisional,UNSPECIFIED
2024-02-09 7:20,46,0.842,Provisional,UNSPECIFIED
2024-02-09 7:25,46,0.843,Provisional,UNSPECIFIED
2024-02-09 7:30,46,0.843,Provisional,UNSPECIFIED
2024-02-09 7:35,46,0.844,Provisional,UNSPECIFIED
2024-02-09 7:40,46,0.844,Provisional,UNSPECIFIED
2024-02-09 7:45,46,0.844,Provisional,UNSPECIFIED
2024-02-09 7:50,46,0.844,Provisional,UNSPECIFIED
2024-02-09 7:55,46,0.844,Provisional,UNSPECIFIED
2024-02-09 8:00,46,0.844,Provisional,UNSPECIFIED
2024-02-09 8:05,46,0.845,Provisional,UNSPECIFIED
2024-02-09 8:10,46,0.845,Provisional,UNSPECIFIED
2024-02-09 8:15,46,0.845,Provisional,UNSPECIFIED
2024-02-09 8:20,46,0.845,Provisional,UNSPECIFIED
2024-02-09 8:25,46,0.846,Provisional,UNSPECIFIED
2024-02-09 8:30,46,0.846,Provisional,UNSPECIFIED
2024-02-09 8:35,46,0.846,Provisional,UNSPECIFIED
2024-02-09 8:40,46,0.846,Provisional,UNSPECIFIED
2024-02-09 8:45,46,0.846,Provisional,UNSPECIFIED
2024-02-09 8:50,46,0.847,Provisional,UNSPECIFIED
2024-02-09 8:55,46,0.847,Provisional,UNSPECIFIED
2024-02-09 9:00,46,0.848,Provisional,UNSPECIFIED
2024-02-09 9:05,46,0.847,Provisional,UNSPECIFIED
2024-02-09 9:10,46,0.848,Provisional,UNSPECIFIED
2024-02-09 9:15,46,0.849,Provisional,UNSPECIFIED
2024-02-09 9:20,46,0.85,Provisional,UNSPECIFIED
2024-02-09 9:25,46,0.852,Provisional,UNSPECIFIED
2024-02-09 9:30,46,0.852,Provisional,UNSPECIFIED
2024-02-09 9:35,46,0.853,Provisional,UNSPECIFIED
2024-02-09 9:40,46,0.853,Provisional,UNSPECIFIED
2024-02-09 9:45,46,0.854,Provisional,UNSPECIFIED
2024-02-09 9:50,46,0.854,Provisional,UNSPECIFIED
2024-02-09 9:55,46,0.855,Provisional,UNSPECIFIED
2024-02-09 10:00,46,0.856,Provisional,UNSPECIFIED
2024-02-09 10:05,46,0.857,Provisional,UNSPECIFIED
2024-02-09 10:10,46,0.857,Provisional,UNSPECIFIED
2024-02-09 10:15,46,0.857,Provisional,UNSPECIFIED
2024-02-09 10:20,46,0.859,Provisional,UNSPECIFIED
2024-02-09 10:25,46,0.859,Provisional,UNSPECIFIED
2024-02-09 10:30,46,0.859,Provisional,UNSPECIFIED
2024-02-09 10:35,46,0.859,Provisional,UNSPECIFIED
2024-02-09 10:40,46,0.859,Provisional,UNSPECIFIED
2024-02-09 10:45,46,0.864,Provisional,UNSPECIFIED
2024-02-09 10:50,46,0.869,Provisional,UNSPECIFIED
2024-02-09 10:55,46,0.872,Provisional,UNSPECIFIED
2024-02-09 11:00,46,0.875,Provisional,UNSPECIFIED
2024-02-09 11:05,46,0.875,Provisional,UNSPECIFIED
2024-02-09 11:10,46,0.877,Provisional,UNSPECIFIED
2024-02-09 11:15,46,0.878,Provisional,UNSPECIFIED
2024-02-09 11:20,46,0.878,Provisional,UNSPECIFIED
2024-02-09 11:25,46,0.88,Provisional,UNSPECIFIED
2024-02-09 11:30,46,0.88,Provisional,UNSPECIFIED
2024-02-09 11:35,46,0.881,Provisional,UNSPECIFIED
2024-02-09 11:40,46,0.882,Provisional,UNSPECIFIED
2024-02-09 11:45,46,0.882,Provisional,UNSPECIFIED
2024-02-09 11:50,46,0.882,Provisional,UNSPECIFIED
2024-02-09 11:55,46,0.885,Provisional,UNSPECIFIED
2024-02-09 12:00,46,0.887,Provisional,UNSPECIFIED
2024-02-09 12:05,46,0.896,Provisional,UNSPECIFIED
2024-02-09 12:10,46,0.9,Provisional,UNSPECIFIED
2024-02-09 12:15,46,0.9,Provisional,UNSPECIFIED
2024-02-09 12:20,46,0.899,Provisional,UNSPECIFIED
2024-02-09 12:25,46,0.898,Provisional,UNSPECIFIED
2024-02-09 12:30,46,0.896,Provisional,UNSPECIFIED
2024-02-09 12:35,46,0.893,Provisional,UNSPECIFIED
2024-02-09 12:40,46,0.89,Provisional,UNSPECIFIED
2024-02-09 12:45,46,0.889,Provisional,UNSPECIFIED
2024-02-09 12:50,46,0.888,Provisional,UNSPECIFIED
2024-02-09 12:55,46,0.886,Provisional,UNSPECIFIED
2024-02-09 13:00,46,0.881,Provisional,UNSPECIFIED
2024-02-09 13:05,46,0.876,Provisional,UNSPECIFIED
2024-02-09 13:10,46,0.872,Provisional,UNSPECIFIED
2024-02-09 13:15,46,0.868,Provisional,UNSPECIFIED
2024-02-09 13:20,46,0.865,Provisional,UNSPECIFIED
2024-02-09 13:25,46,0.862,Provisional,UNSPECIFIED
2024-02-09 13:30,46,0.86,Provisional,UNSPECIFIED
2024-02-09 13:35,46,0.859,Provisional,UNSPECIFIED
2024-02-09 13:40,46,0.854,Provisional,UNSPECIFIED
2024-02-09 13:45,46,0.851,Provisional,UNSPECIFIED
2024-02-09 13:50,46,0.847,Provisional,UNSPECIFIED
2024-02-09 13:55,46,0.844,Provisional,UNSPECIFIED
2024-02-09 14:00,46,0.841,Provisional,UNSPECIFIED
2024-02-09 14:05,46,0.838,Provisional,UNSPECIFIED
2024-02-09 14:10,46,0.835,Provisional,UNSPECIFIED
2024-02-09 14:15,46,0.833,Provisional,UNSPECIFIED
2024-02-09 14:20,46,0.831,Provisional,UNSPECIFIED
2024-02-09 14:25,46,0.828,Provisional,UNSPECIFIED
2024-02-09 14:30,46,0.828,Provisional,UNSPECIFIED
2024-02-09 14:35,46,0.825,Provisional,UNSPECIFIED
2024-02-09 14:40,46,0.823,Provisional,UNSPECIFIED
2024-02-09 14:45,46,0.822,Provisional,UNSPECIFIED
2024-02-09 14:50,46,0.821,Provisional,UNSPECIFIED
2024-02-09 14:55,46,0.82,Provisional,UNSPECIFIED
2024-02-09 15:00,46,0.818,Provisional,UNSPECIFIED
2024-02-09 15:05,46,0.817,Provisional,UNSPECIFIED
2024-02-09 15:10,46,0.816,Provisional,UNSPECIFIED
2024-02-09 15:15,46,0.815,Provisional,UNSPECIFIED
2024-02-09 15:20,46,0.814,Provisional,UNSPECIFIED
2024-02-09 15:25,46,0.813,Provisional,UNSPECIFIED
2024-02-09 15:30,46,0.813,Provisional,UNSPECIFIED
2024-02-09 15:35,46,0.811,Provisional,UNSPECIFIED
2024-02-09 15:40,46,0.811,Provisional,UNSPECIFIED
2024-02-09 15:45,46,0.811,Provisional,UNSPECIFIED
2024-02-09 15:50,46,0.811,Provisional,UNSPECIFIED
2024-02-09 15:55,46,0.81,Provisional,UNSPECIFIED
2024-02-09 16:00,46,0.809,Provisional,UNSPECIFIED
2024-02-09 16:05,46,0.809,Provisional,UNSPECIFIED
2024-02-09 16:10,46,0.809,Provisional,UNSPECIFIED
2024-02-09 16:15,46,0.808,Provisional,UNSPECIFIED
2024-02-09 16:20,46,0.808,Provisional,UNSPECIFIED
2024-02-09 16:25,46,0.807,Provisional,UNSPECIFIED
2024-02-09 16:30,46,0.807,Provisional,UNSPECIFIED
2024-02-09 16:35,46,0.807,Provisional,UNSPECIFIED
2024-02-09 16:40,46,0.806,Provisional,UNSPECIFIED
2024-02-09 16:45,46,0.806,Provisional,UNSPECIFIED
2024-02-09 16:50,46,0.805,Provisional,UNSPECIFIED
2024-02-09 16:55,46,0.805,Provisional,UNSPECIFIED
2024-02-09 17:00,46,0.804,Provisional,UNSPECIFIED
2024-02-09 17:05,46,0.804,Provisional,UNSPECIFIED
2024-02-09 17:10,46,0.803,Provisional,UNSPECIFIED
2024-02-09 17:15,46,0.804,Provisional,UNSPECIFIED
2024-02-09 17:20,46,0.804,Provisional,UNSPECIFIED
2024-02-09 17:25,46,0.803,Provisional,UNSPECIFIED
2024-02-09 17:30,46,0.802,Provisional,UNSPECIFIED
2024-02-09 17:35,46,0.802,Provisional,UNSPECIFIED
2024-02-09 17:40,46,0.802,Provisional,UNSPECIFIED
2024-02-09 17:45,46,0.802,Provisional,UNSPECIFIED
2024-02-09 17:50,46,0.802,Provisional,UNSPECIFIED
2024-02-09 17:55,46,0.801,Provisional,UNSPECIFIED
2024-02-09 18:00,46,0.801,Provisional,UNSPECIFIED
2024-02-09 18:05,46,0.801,Provisional,UNSPECIFIED
2024-02-09 18:10,46,0.801,Provisional,UNSPECIFIED
2024-02-09 18:15,46,0.801,Provisional,UNSPECIFIED
2024-02-09 18:20,46,0.8,Provisional,UNSPECIFIED
2024-02-09 18:25,46,0.8,Provisional,UNSPECIFIED
2024-02-09 18:30,46,0.8,Provisional,UNSPECIFIED
2024-02-09 18:35,46,0.8,Provisional,UNSPECIFIED
2024-02-09 18:40,46,0.8,Provisional,UNSPECIFIED
2024-02-09 18:45,46,0.799,Provisional,UNSPECIFIED
2024-02-09 18:50,46,0.799,Provisional,UNSPECIFIED
2024-02-09 18:55,46,0.799,Provisional,UNSPECIFIED
2024-02-09 19:00,46,0.799,Provisional,UNSPECIFIED
2024-02-09 19:05,46,0.799,Provisional,UNSPECIFIED
2024-02-09 19:10,46,0.799,Provisional,UNSPECIFIED
2024-02-09 19:15,46,0.798,Provisional,UNSPECIFIED
2024-02-09 19:20,46,0.798,Provisional,UNSPECIFIED
2024-02-09 19:25,46,0.798,Provisional,UNSPECIFIED
2024-02-09 19:30,46,0.799,Provisional,UNSPECIFIED
2024-02-09 19:35,46,0.798,Provisional,UNSPECIFIED
2024-02-09 19:40,46,0.798,Provisional,UNSPECIFIED
2024-02-09 19:45,46,0.798,Provisional,UNSPECIFIED
2024-02-09 19:50,46,0.797,Provisional,UNSPECIFIED
2024-02-09 19:55,46,0.798,Provisional,UNSPECIFIED
2024-02-09 20:00,46,0.797,Provisional,UNSPECIFIED
2024-02-09 20:05,46,0.798,Provisional,UNSPECIFIED
2024-02-09 20:10,46,0.797,Provisional,UNSPECIFIED
2024-02-09 20:15,46,0.798,Provisional,UNSPECIFIED
2024-02-09 20:20,46,0.797,Provisional,UNSPECIFIED
2024-02-09 20:25,46,0.798,Provisional,UNSPECIFIED
2024-02-09 20:30,46,0.797,Provisional,UNSPECIFIED
2024-02-09 20:35,46,0.798,Provisional,UNSPECIFIED
2024-02-09 20:40,46,0.797,Provisional,UNSPECIFIED
2024-02-09 20:45,46,0.797,Provisional,UNSPECIFIED
2024-02-09 20:50,46,0.798,Provisional,UNSPECIFIED
2024-02-09 20:55,46,0.797,Provisional,UNSPECIFIED
2024-02-09 21:00,46,0.797,Provisional,UNSPECIFIED
2024-02-09 21:05,46,0.798,Provisional,UNSPECIFIED
2024-02-09 21:10,46,0.798,Provisional,UNSPECIFIED
2024-02-09 21:15,46,0.798,Provisional,UNSPECIFIED
2024-02-09 21:20,46,0.797,Provisional,UNSPECIFIED
2024-02-09 21:25,46,0.797,Provisional,UNSPECIFIED
2024-02-09 21:30,46,0.798,Provisional,UNSPECIFIED
2024-02-09 21:35,46,0.798,Provisional,UNSPECIFIED
2024-02-09 21:40,46,0.798,Provisional,UNSPECIFIED
2024-02-09 21:45,46,0.798,Provisional,UNSPECIFIED
2024-02-09 21:50,46,0.798,Provisional,UNSPECIFIED
2024-02-09 21:55,46,0.797,Provisional,UNSPECIFIED
2024-02-09 22:00,46,0.797,Provisional,UNSPECIFIED
2024-02-09 22:05,46,0.797,Provisional,UNSPECIFIED
2024-02-09 22:10,46,0.798,Provisional,UNSPECIFIED
2024-02-09 22:15,46,0.797,Provisional,UNSPECIFIED
2024-02-09 22:20,46,0.796,Provisional,UNSPECIFIED
2024-02-09 22:25,46,0.796,Provisional,UNSPECIFIED
2024-02-09 22:30,46,0.796,Provisional,UNSPECIFIED
2024-02-09 22:35,46,0.796,Provisional,UNSPECIFIED
2024-02-09 22:40,46,0.796,Provisional,UNSPECIFIED
2024-02-09 22:45,46,0.796,Provisional,UNSPECIFIED
2024-02-09 22:50,46,0.795,Provisional,UNSPECIFIED
2024-02-09 22:55,46,0.795,Provisional,UNSPECIFIED
2024-02-09 23:00,46,0.795,Provisional,UNSPECIFIED
2024-02-09 23:05,46,0.796,Provisional,UNSPECIFIED
2024-02-09 23:10,46,0.795,Provisional,UNSPECIFIED
2024-02-09 23:15,46,0.795,Provisional,UNSPECIFIED
2024-02-09 23:20,46,0.795,Provisional,UNSPECIFIED
2024-02-09 23:25,46,0.795,Provisional,UNSPECIFIED
2024-02-09 23:30,46,0.795,Provisional,UNSPECIFIED
2024-02-09 23:35,46,0.795,Provisional,UNSPECIFIED
2024-02-09 23:40,46,0.795,Provisional,UNSPECIFIED
2024-02-09 23:45,46,0.794,Provisional,UNSPECIFIED
2024-02-09 23:50,46,0.795,Provisional,UNSPECIFIED
2024-02-09 23:55,46,0.795,Provisional,UNSPECIFIED
2024-02-10 0:00,46,0.795,Provisional,UNSPECIFIED
2024-02-10 0:05,46,0.795,Provisional,UNSPECIFIED
2024-02-10 0:10,46,0.794,Provisional,UNSPECIFIED
2024-02-10 0:15,46,0.795,Provisional,UNSPECIFIED
2024-02-10 0:20,46,0.794,Provisional,UNSPECIFIED
2024-02-10 0:25,46,0.795,Provisional,UNSPECIFIED
2024-02-10 0:30,46,0.794,Provisional,UNSPECIFIED
2024-02-10 0:35,46,0.793,Provisional,UNSPECIFIED
2024-02-10 0:40,46,0.795,Provisional,UNSPECIFIED
2024-02-10 0:45,46,0.794,Provisional,UNSPECIFIED
2024-02-10 0:50,46,0.794,Provisional,UNSPECIFIED
2024-02-10 0:55,46,0.793,Provisional,UNSPECIFIED
2024-02-10 1:00,46,0.793,Provisional,UNSPECIFIED
2024-02-10 1:05,46,0.794,Provisional,UNSPECIFIED
2024-02-10 1:10,46,0.793,Provisional,UNSPECIFIED
2024-02-10 1:15,46,0.793,Provisional,UNSPECIFIED
2024-02-10 1:20,46,0.793,Provisional,UNSPECIFIED
2024-02-10 1:25,46,0.793,Provisional,UNSPECIFIED
2024-02-10 1:30,46,0.793,Provisional,UNSPECIFIED
2024-02-10 1:35,46,0.792,Provisional,UNSPECIFIED
2024-02-10 1:40,46,0.793,Provisional,UNSPECIFIED
2024-02-10 1:45,46,0.792,Provisional,UNSPECIFIED
2024-02-10 1:50,46,0.792,Provisional,UNSPECIFIED
2024-02-10 1:55,46,0.792,Provisional,UNSPECIFIED
2024-02-10 2:00,46,0.792,Provisional,UNSPECIFIED
2024-02-10 2:05,46,0.792,Provisional,UNSPECIFIED
2024-02-10 2:10,46,0.792,Provisional,UNSPECIFIED
2024-02-10 2:15,46,0.792,Provisional,UNSPECIFIED
2024-02-10 2:20,46,0.792,Provisional,UNSPECIFIED
2024-02-10 2:25,46,0.792,Provisional,UNSPECIFIED
2024-02-10 2:30,46,0.792,Provisional,UNSPECIFIED
2024-02-10 2:35,46,0.792,Provisional,UNSPECIFIED
2024-02-10 2:40,46,0.791,Provisional,UNSPECIFIED
2024-02-10 2:45,46,0.791,Provisional,UNSPECIFIED
2024-02-10 2:50,46,0.791,Provisional,UNSPECIFIED
2024-02-10 2:55,46,0.79,Provisional,UNSPECIFIED
2024-02-10 3:00,46,0.791,Provisional,UNSPECIFIED
2024-02-10 3:05,46,0.791,Provisional,UNSPECIFIED
2024-02-10 3:10,46,0.791,Provisional,UNSPECIFIED
2024-02-10 3:15,46,0.79,Provisional,UNSPECIFIED
2024-02-10 3:20,46,0.791,Provisional,UNSPECIFIED
2024-02-10 3:25,46,0.79,Provisional,UNSPECIFIED
2024-02-10 3:30,46,0.79,Provisional,UNSPECIFIED
2024-02-10 3:35,46,0.79,Provisional,UNSPECIFIED
2024-02-10 3:40,46,0.79,Provisional,UNSPECIFIED
2024-02-10 3:45,46,0.79,Provisional,UNSPECIFIED
2024-02-10 3:50,46,0.791,Provisional,UNSPECIFIED
2024-02-10 3:55,46,0.79,Provisional,UNSPECIFIED
2024-02-10 4:00,46,0.791,Provisional,UNSPECIFIED
2024-02-10 4:05,46,0.791,Provisional,UNSPECIFIED
2024-02-10 4:10,46,0.791,Provisional,UNSPECIFIED
2024-02-10 4:15,46,0.791,Provisional,UNSPECIFIED
2024-02-10 4:20,46,0.791,Provisional,UNSPECIFIED
2024-02-10 4:25,46,0.791,Provisional,UNSPECIFIED
2024-02-10 4:30,46,0.791,Provisional,UNSPECIFIED
2024-02-10 4:35,46,0.792,Provisional,UNSPECIFIED
2024-02-10 4:40,46,0.791,Provisional,UNSPECIFIED
2024-02-10 4:45,46,0.791,Provisional,UNSPECIFIED
2024-02-10 4:50,46,0.792,Provisional,UNSPECIFIED
2024-02-10 4:55,46,0.792,Provisional,UNSPECIFIED
2024-02-10 5:00,46,0.792,Provisional,UNSPECIFIED
2024-02-10 5:05,46,0.791,Provisional,UNSPECIFIED
2024-02-10 5:10,46,0.792,Provisional,UNSPECIFIED
2024-02-10 5:15,46,0.792,Provisional,UNSPECIFIED
2024-02-10 5:20,46,0.791,Provisional,UNSPECIFIED
2024-02-10 5:25,46,0.791,Provisional,UNSPECIFIED
2024-02-10 5:30,46,0.792,Provisional,UNSPECIFIED
2024-02-10 5:35,46,0.792,Provisional,UNSPECIFIED
2024-02-10 5:40,46,0.792,Provisional,UNSPECIFIED
2024-02-10 5:45,46,0.791,Provisional,UNSPECIFIED
2024-02-10 5:50,46,0.791,Provisional,UNSPECIFIED
2024-02-10 5:55,46,0.791,Provisional,UNSPECIFIED
2024-02-10 6:00,46,0.791,Provisional,UNSPECIFIED
2024-02-10 6:05,46,0.791,Provisional,UNSPECIFIED
2024-02-10 6:10,46,0.79,Provisional,UNSPECIFIED
2024-02-10 6:15,46,0.791,Provisional,UNSPECIFIED
2024-02-10 6:20,46,0.791,Provisional,UNSPECIFIED
2024-02-10 6:25,46,0.791,Provisional,UNSPECIFIED
2024-02-10 6:30,46,0.791,Provisional,UNSPECIFIED
2024-02-10 6:35,46,0.791,Provisional,UNSPECIFIED
2024-02-10 6:40,46,0.791,Provisional,UNSPECIFIED
2024-02-10 6:45,46,0.79,Provisional,UNSPECIFIED
2024-02-10 6:50,46,0.791,Provisional,UNSPECIFIED
2024-02-10 6:55,46,0.79,Provisional,UNSPECIFIED
2024-02-10 7:00,46,0.79,Provisional,UNSPECIFIED
2024-02-10 7:05,46,0.79,Provisional,UNSPECIFIED
2024-02-10 7:10,46,0.79,Provisional,UNSPECIFIED
2024-02-10 7:15,46,0.79,Provisional,UNSPECIFIED
2024-02-10 7:20,46,0.79,Provisional,UNSPECIFIED
2024-02-10 7:25,46,0.79,Provisional,UNSPECIFIED
2024-02-10 7:30,46,0.79,Provisional,UNSPECIFIED
2024-02-10 7:35,46,0.79,Provisional,UNSPECIFIED
2024-02-10 7:40,46,0.789,Provisional,UNSPECIFIED
2024-02-10 7:45,46,0.789,Provisional,UNSPECIFIED
2024-02-10 7:50,46,0.789,Provisional,UNSPECIFIED
2024-02-10 7:55,46,0.789,Provisional,UNSPECIFIED
2024-02-10 8:00,46,0.789,Provisional,UNSPECIFIED
2024-02-10 8:05,46,0.788,Provisional,UNSPECIFIED
2024-02-10 8:10,46,0.788,Provisional,UNSPECIFIED
2024-02-10 8:15,46,0.788,Provisional,UNSPECIFIED
2024-02-10 8:20,46,0.788,Provisional,UNSPECIFIED
2024-02-10 8:25,46,0.788,Provisional,UNSPECIFIED
2024-02-10 8:30,46,0.787,Provisional,UNSPECIFIED
2024-02-10 8:35,46,0.787,Provisional,UNSPECIFIED
2024-02-10 8:40,46,0.788,Provisional,UNSPECIFIED
2024-02-10 8:45,46,0.788,Provisional,UNSPECIFIED
2024-02-10 8:50,46,0.788,Provisional,UNSPECIFIED
2024-02-10 8:55,46,0.788,Provisional,UNSPECIFIED
2024-02-10 9:00,46,0.788,Provisional,UNSPECIFIED
2024-02-10 9:05,46,0.788,Provisional,UNSPECIFIED
2024-02-10 9:10,46,0.789,Provisional,UNSPECIFIED
2024-02-10 9:15,46,0.788,Provisional,UNSPECIFIED
2024-02-10 9:20,46,0.788,Provisional,UNSPECIFIED
2024-02-10 9:25,46,0.789,Provisional,UNSPECIFIED
2024-02-10 9:30,46,0.788,Provisional,UNSPECIFIED
2024-02-10 9:35,46,0.788,Provisional,UNSPECIFIED
2024-02-10 9:40,46,0.789,Provisional,UNSPECIFIED
2024-02-10 9:45,46,0.787,Provisional,UNSPECIFIED
2024-02-10 9:50,46,0.788,Provisional,UNSPECIFIED
2024-02-10 9:55,46,0.789,Provisional,UNSPECIFIED
2024-02-10 10:00,46,0.789,Provisional,UNSPECIFIED
2024-02-10 10:05,46,0.789,Provisional,UNSPECIFIED
2024-02-10 10:10,46,0.789,Provisional,UNSPECIFIED
2024-02-10 10:15,46,0.79,Provisional,UNSPECIFIED
2024-02-10 10:20,46,0.79,Provisional,UNSPECIFIED
2024-02-10 10:25,46,0.791,Provisional,UNSPECIFIED
2024-02-10 10:30,46,0.79,Provisional,UNSPECIFIED
2024-02-10 10:35,46,0.79,Provisional,UNSPECIFIED
2024-02-10 10:40,46,0.79,Provisional,UNSPECIFIED
2024-02-10 10:45,46,0.791,Provisional,UNSPECIFIED
2024-02-10 10:50,46,0.79,Provisional,UNSPECIFIED
2024-02-10 10:55,46,0.791,Provisional,UNSPECIFIED
2024-02-10 11:00,46,0.79,Provisional,UNSPECIFIED
2024-02-10 11:05,46,0.79,Provisional,UNSPECIFIED
2024-02-10 11:10,46,0.79,Provisional,UNSPECIFIED
2024-02-10 11:15,46,0.79,Provisional,UNSPECIFIED
2024-02-10 11:20,46,0.79,Provisional,UNSPECIFIED
2024-02-10 11:25,46,0.79,Provisional,UNSPECIFIED
2024-02-10 11:30,46,0.79,Provisional,UNSPECIFIED
2024-02-10 11:35,46,0.79,Provisional,UNSPECIFIED
2024-02-10 11:40,46,0.79,Provisional,UNSPECIFIED
2024-02-10 11:45,46,0.791,Provisional,UNSPECIFIED
2024-02-10 11:50,46,0.79,Provisional,UNSPECIFIED
2024-02-10 11:55,46,0.79,Provisional,UNSPECIFIED
2024-02-10 12:00,46,0.79,Provisional,UNSPECIFIED
2024-02-10 12:05,46,0.79,Provisional,UNSPECIFIED
2024-02-10 12:10,46,0.79,Provisional,UNSPECIFIED
2024-02-10 12:15,46,0.79,Provisional,UNSPECIFIED
2024-02-10 12:20,46,0.789,Provisional,UNSPECIFIED
2024-02-10 12:25,46,0.79,Provisional,UNSPECIFIED
2024-02-10 12:30,46,0.789,Provisional,UNSPECIFIED
2024-02-10 12:35,46,0.789,Provisional,UNSPECIFIED
2024-02-10 12:40,46,0.789,Provisional,UNSPECIFIED
2024-02-10 12:45,46,0.788,Provisional,UNSPECIFIED
2024-02-10 12:50,46,0.788,Provisional,UNSPECIFIED
2024-02-10 12:55,46,0.788,Provisional,UNSPECIFIED
2024-02-10 13:00,46,0.787,Provisional,UNSPECIFIED
2024-02-10 13:05,46,0.787,Provisional,UNSPECIFIED
2024-02-10 13:10,46,0.787,Provisional,UNSPECIFIED
2024-02-10 13:15,46,0.787,Provisional,UNSPECIFIED
2024-02-10 13:20,46,0.787,Provisional,UNSPECIFIED
2024-02-10 13:25,46,0.787,Provisional,UNSPECIFIED
2024-02-10 13:30,46,0.787,Provisional,UNSPECIFIED
2024-02-10 13:35,46,0.788,Provisional,UNSPECIFIED
2024-02-10 13:40,46,0.787,Provisional,UNSPECIFIED
2024-02-10 13:45,46,0.787,Provisional,UNSPECIFIED
2024-02-10 13:50,46,0.787,Provisional,UNSPECIFIED
2024-02-10 13:55,46,0.788,Provisional,UNSPECIFIED
2024-02-10 14:00,46,0.788,Provisional,UNSPECIFIED
2024-02-10 14:05,46,0.788,Provisional,UNSPECIFIED
2024-02-10 14:10,46,0.788,Provisional,UNSPECIFIED
2024-02-10 14:15,46,0.788,Provisional,UNSPECIFIED
2024-02-10 14:20,46,0.789,Provisional,UNSPECIFIED
2024-02-10 14:25,46,0.789,Provisional,UNSPECIFIED
2024-02-10 14:30,46,0.789,Provisional,UNSPECIFIED
2024-02-10 14:35,46,0.789,Provisional,UNSPECIFIED
2024-02-10 14:40,46,0.788,Provisional,UNSPECIFIED
2024-02-10 14:45,46,0.788,Provisional,UNSPECIFIED
2024-02-10 14:50,46,0.788,Provisional,UNSPECIFIED
2024-02-10 14:55,46,0.788,Provisional,UNSPECIFIED
2024-02-10 15:00,46,0.789,Provisional,UNSPECIFIED
2024-02-10 15:05,46,0.788,Provisional,UNSPECIFIED
2024-02-10 15:10,46,0.788,Provisional,UNSPECIFIED
2024-02-10 15:15,46,0.787,Provisional,UNSPECIFIED
2024-02-10 15:20,46,0.788,Provisional,UNSPECIFIED
2024-02-10 15:25,46,0.787,Provisional,UNSPECIFIED
2024-02-10 15:30,46,0.787,Provisional,UNSPECIFIED
2024-02-10 15:35,46,0.788,Provisional,UNSPECIFIED
2024-02-10 15:40,46,0.788,Provisional,UNSPECIFIED
2024-02-10 15:45,46,0.787,Provisional,UNSPECIFIED
2024-02-10 15:50,46,0.787,Provisional,UNSPECIFIED
2024-02-10 15:55,46,0.786,Provisional,UNSPECIFIED
2024-02-10 16:00,46,0.786,Provisional,UNSPECIFIED
2024-02-10 16:05,46,0.786,Provisional,UNSPECIFIED
2024-02-10 16:10,46,0.786,Provisional,UNSPECIFIED
2024-02-10 16:15,46,0.786,Provisional,UNSPECIFIED
2024-02-10 16:20,46,0.786,Provisional,UNSPECIFIED
2024-02-10 16:25,46,0.786,Provisional,UNSPECIFIED
2024-02-10 16:30,46,0.786,Provisional,UNSPECIFIED
2024-02-10 16:35,46,0.785,Provisional,UNSPECIFIED
2024-02-10 16:40,46,0.786,Provisional,UNSPECIFIED
2024-02-10 16:45,46,0.785,Provisional,UNSPECIFIED
2024-02-10 16:50,46,0.785,Provisional,UNSPECIFIED
2024-02-10 16:55,46,0.784,Provisional,UNSPECIFIED
2024-02-10 17:00,46,0.785,Provisional,UNSPECIFIED
2024-02-10 17:05,46,0.784,Provisional,UNSPECIFIED
2024-02-10 17:10,46,0.784,Provisional,UNSPECIFIED
2024-02-10 17:15,46,0.784,Provisional,UNSPECIFIED
2024-02-10 17:20,46,0.784,Provisional,UNSPECIFIED
2024-02-10 17:25,46,0.784,Provisional,UNSPECIFIED
2024-02-10 17:30,46,0.785,Provisional,UNSPECIFIED
2024-02-10 17:35,46,0.784,Provisional,UNSPECIFIED
2024-02-10 17:40,46,0.785,Provisional,UNSPECIFIED
2024-02-10 17:45,46,0.785,Provisional,UNSPECIFIED
2024-02-10 17:50,46,0.784,Provisional,UNSPECIFIED
2024-02-10 17:55,46,0.783,Provisional,UNSPECIFIED
2024-02-10 18:00,46,0.784,Provisional,UNSPECIFIED
2024-02-10 18:05,46,0.785,Provisional,UNSPECIFIED
2024-02-10 18:10,46,0.784,Provisional,UNSPECIFIED
2024-02-10 18:15,46,0.784,Provisional,UNSPECIFIED
2024-02-10 18:20,46,0.784,Provisional,UNSPECIFIED
2024-02-10 18:25,46,0.784,Provisional,UNSPECIFIED
2024-02-10 18:30,46,0.785,Provisional,UNSPECIFIED
2024-02-10 18:35,46,0.785,Provisional,UNSPECIFIED
2024-02-10 18:40,46,0.785,Provisional,UNSPECIFIED
2024-02-10 18:45,46,0.785,Provisional,UNSPECIFIED
2024-02-10 18:50,46,0.785,Provisional,UNSPECIFIED
2024-02-10 18:55,46,0.785,Provisional,UNSPECIFIED
2024-02-10 19:00,46,0.785,Provisional,UNSPECIFIED
2024-02-10 19:05,46,0.784,Provisional,UNSPECIFIED
2024-02-10 19:10,46,0.784,Provisional,UNSPECIFIED
2024-02-10 19:15,46,0.784,Provisional,UNSPECIFIED
2024-02-10 19:20,46,0.784,Provisional,UNSPECIFIED
2024-02-10 19:25,46,0.784,Provisional,UNSPECIFIED
2024-02-10 19:30,46,0.783,Provisional,UNSPECIFIED
2024-02-10 19:35,46,0.784,Provisional,UNSPECIFIED
2024-02-10 19:40,46,0.783,Provisional,UNSPECIFIED
2024-02-10 19:45,46,0.782,Provisional,UNSPECIFIED
2024-02-10 19:50,46,0.782,Provisional,UNSPECIFIED
2024-02-10 19:55,46,0.782,Provisional,UNSPECIFIED
2024-02-10 20:00,46,0.782,Provisional,UNSPECIFIED
2024-02-10 20:05,46,0.782,Provisional,UNSPECIFIED
2024-02-10 20:10,46,0.781,Provisional,UNSPECIFIED
2024-02-10 20:15,46,0.781,Provisional,UNSPECIFIED
2024-02-10 20:20,46,0.782,Provisional,UNSPECIFIED
2024-02-10 20:25,46,0.782,Provisional,UNSPECIFIED
2024-02-10 20:30,46,0.781,Provisional,UNSPECIFIED
2024-02-10 20:35,46,0.782,Provisional,UNSPECIFIED
2024-02-10 20:40,46,0.782,Provisional,UNSPECIFIED
2024-02-10 20:45,46,0.781,Provisional,UNSPECIFIED
2024-02-10 20:50,46,0.781,Provisional,UNSPECIFIED
2024-02-10 20:55,46,0.782,Provisional,UNSPECIFIED
2024-02-10 21:00,46,0.781,Provisional,UNSPECIFIED
2024-02-10 21:05,46,0.78,Provisional,UNSPECIFIED
2024-02-10 21:10,46,0.781,Provisional,UNSPECIFIED
2024-02-10 21:15,46,0.781,Provisional,UNSPECIFIED
2024-02-10 21:20,46,0.78,Provisional,UNSPECIFIED
2024-02-10 21:25,46,0.78,Provisional,UNSPECIFIED
2024-02-10 21:30,46,0.78,Provisional,UNSPECIFIED
2024-02-10 21:35,46,0.78,Provisional,UNSPECIFIED
2024-02-10 21:40,46,0.78,Provisional,UNSPECIFIED
2024-02-10 21:45,46,0.78,Provisional,UNSPECIFIED
2024-02-10 21:50,46,0.78,Provisional,UNSPECIFIED
2024-02-10 21:55,46,0.779,Provisional,UNSPECIFIED
2024-02-10 22:00,46,0.779,Provisional,UNSPECIFIED
2024-02-10 22:05,46,0.779,Provisional,UNSPECIFIED
2024-02-10 22:10,46,0.779,Provisional,UNSPECIFIED
2024-02-10 22:15,46,0.779,Provisional,UNSPECIFIED
2024-02-10 22:20,46,0.779,Provisional,UNSPECIFIED
2024-02-10 22:25,46,0.779,Provisional,UNSPECIFIED
2024-02-10 22:30,46,0.779,Provisional,UNSPECIFIED
2024-02-10 22:35,46,0.779,Provisional,UNSPECIFIED
2024-02-10 22:40,46,0.779,Provisional,UNSPECIFIED
2024-02-10 22:45,46,0.779,Provisional,UNSPECIFIED
2024-02-10 22:50,46,0.778,Provisional,UNSPECIFIED
2024-02-10 22:55,46,0.778,Provisional,UNSPECIFIED
2024-02-10 23:00,46,0.778,Provisional,UNSPECIFIED
2024-02-10 23:05,46,0.778,Provisional,UNSPECIFIED
2024-02-10 23:10,46,0.778,Provisional,UNSPECIFIED
2024-02-10 23:15,46,0.778,Provisional,UNSPECIFIED
2024-02-10 23:20,46,0.778,Provisional,UNSPECIFIED
2024-02-10 23:25,46,0.777,Provisional,UNSPECIFIED
2024-02-10 23:30,46,0.778,Provisional,UNSPECIFIED
2024-02-10 23:35,46,0.777,Provisional,UNSPECIFIED
2024-02-10 23:40,46,0.777,Provisional,UNSPECIFIED
2024-02-10 23:45,46,0.777,Provisional,UNSPECIFIED
2024-02-10 23:50,46,0.777,Provisional,UNSPECIFIED
2024-02-10 23:55,46,0.777,Provisional,UNSPECIFIED
2024-02-11 0:00,46,0.776,Provisional,UNSPECIFIED
2024-02-11 0:05,46,0.777,Provisional,UNSPECIFIED
2024-02-11 0:10,46,0.777,Provisional,UNSPECIFIED
2024-02-11 0:15,46,0.776,Provisional,UNSPECIFIED
2024-02-11 0:20,46,0.776,Provisional,UNSPECIFIED
2024-02-11 0:25,46,0.776,Provisional,UNSPECIFIED
2024-02-11 0:30,46,0.776,Provisional,UNSPECIFIED
2024-02-11 0:35,46,0.776,Provisional,UNSPECIFIED
2024-02-11 0:40,46,0.776,Provisional,UNSPECIFIED
2024-02-11 0:45,46,0.776,Provisional,UNSPECIFIED
2024-02-11 0:50,46,0.776,Provisional,UNSPECIFIED
2024-02-11 0:55,46,0.776,Provisional,UNSPECIFIED
2024-02-11 1:00,46,0.775,Provisional,UNSPECIFIED
2024-02-11 1:05,46,0.776,Provisional,UNSPECIFIED
2024-02-11 1:10,46,0.776,Provisional,UNSPECIFIED
2024-02-11 1:15,46,0.775,Provisional,UNSPECIFIED
2024-02-11 1:20,46,0.776,Provisional,UNSPECIFIED
2024-02-11 1:25,46,0.775,Provisional,UNSPECIFIED
2024-02-11 1:30,46,0.776,Provisional,UNSPECIFIED
2024-02-11 1:35,46,0.775,Provisional,UNSPECIFIED
2024-02-11 1:40,46,0.775,Provisional,UNSPECIFIED
2024-02-11 1:45,46,0.775,Provisional,UNSPECIFIED
2024-02-11 1:50,46,0.775,Provisional,UNSPECIFIED
2024-02-11 1:55,46,0.775,Provisional,UNSPECIFIED
2024-02-11 2:00,46,0.775,Provisional,UNSPECIFIED
2024-02-11 2:05,46,0.776,Provisional,UNSPECIFIED
2024-02-11 2:10,46,0.775,Provisional,UNSPECIFIED
2024-02-11 2:15,46,0.775,Provisional,UNSPECIFIED
2024-02-11 2:20,46,0.775,Provisional,UNSPECIFIED
2024-02-11 2:25,46,0.775,Provisional,UNSPECIFIED
2024-02-11 2:30,46,0.775,Provisional,UNSPECIFIED
2024-02-11 2:35,46,0.775,Provisional,UNSPECIFIED
2024-02-11 2:40,46,0.775,Provisional,UNSPECIFIED
2024-02-11 2:45,46,0.775,Provisional,UNSPECIFIED
2024-02-11 2:50,46,0.775,Provisional,UNSPECIFIED
2024-02-11 2:55,46,0.775,Provisional,UNSPECIFIED
2024-02-11 3:00,46,0.775,Provisional,UNSPECIFIED
2024-02-11 3:05,46,0.774,Provisional,UNSPECIFIED
2024-02-11 3:10,46,0.775,Provisional,UNSPECIFIED
2024-02-11 3:15,46,0.774,Provisional,UNSPECIFIED
2024-02-11 3:20,46,0.774,Provisional,UNSPECIFIED
2024-02-11 3:25,46,0.774,Provisional,UNSPECIFIED
2024-02-11 3:30,46,0.775,Provisional,UNSPECIFIED
2024-02-11 3:35,46,0.774,Provisional,UNSPECIFIED
2024-02-11 3:40,46,0.774,Provisional,UNSPECIFIED
2024-02-11 3:45,46,0.774,Provisional,UNSPECIFIED
2024-02-11 3:50,46,0.774,Provisional,UNSPECIFIED
2024-02-11 3:55,46,0.774,Provisional,UNSPECIFIED
2024-02-11 4:00,46,0.774,Provisional,UNSPECIFIED
2024-02-11 4:05,46,0.774,Provisional,UNSPECIFIED
2024-02-11 4:10,46,0.774,Provisional,UNSPECIFIED
2024-02-11 4:15,46,0.774,Provisional,UNSPECIFIED
2024-02-11 4:20,46,0.774,Provisional,UNSPECIFIED
2024-02-11 4:25,46,0.774,Provisional,UNSPECIFIED
2024-02-11 4:30,46,0.774,Provisional,UNSPECIFIED
2024-02-11 4:35,46,0.775,Provisional,UNSPECIFIED
2024-02-11 4:40,46,0.774,Provisional,UNSPECIFIED
2024-02-11 4:45,46,0.774,Provisional,UNSPECIFIED
2024-02-11 4:50,46,0.774,Provisional,UNSPECIFIED
2024-02-11 4:55,46,0.774,Provisional,UNSPECIFIED
2024-02-11 5:00,46,0.775,Provisional,UNSPECIFIED
2024-02-11 5:05,46,0.775,Provisional,UNSPECIFIED
2024-02-11 5:10,46,0.774,Provisional,UNSPECIFIED
2024-02-11 5:15,46,0.774,Provisional,UNSPECIFIED
2024-02-11 5:20,46,0.774,Provisional,UNSPECIFIED
2024-02-11 5:25,46,0.774,Provisional,UNSPECIFIED
2024-02-11 5:30,46,0.775,Provisional,UNSPECIFIED
2024-02-11 5:35,46,0.775,Provisional,UNSPECIFIED
2024-02-11 5:40,46,0.774,Provisional,UNSPECIFIED
2024-02-11 5:45,46,0.774,Provisional,UNSPECIFIED
2024-02-11 5:50,46,0.774,Provisional,UNSPECIFIED
2024-02-11 5:55,46,0.774,Provisional,UNSPECIFIED
2024-02-11 6:00,46,0.774,Provisional,UNSPECIFIED
2024-02-11 6:05,46,0.774,Provisional,UNSPECIFIED
2024-02-11 6:10,46,0.773,Provisional,UNSPECIFIED
2024-02-11 6:15,46,0.774,Provisional,UNSPECIFIED
2024-02-11 6:20,46,0.773,Provisional,UNSPECIFIED
2024-02-11 6:25,46,0.773,Provisional,UNSPECIFIED
2024-02-11 6:30,46,0.772,Provisional,UNSPECIFIED
2024-02-11 6:35,46,0.772,Provisional,UNSPECIFIED
2024-02-11 6:40,46,0.772,Provisional,UNSPECIFIED
2024-02-11 6:45,46,0.772,Provisional,UNSPECIFIED
2024-02-11 6:50,46,0.773,Provisional,UNSPECIFIED
2024-02-11 6:55,46,0.774,Provisional,UNSPECIFIED
2024-02-11 7:00,46,0.774,Provisional,UNSPECIFIED
2024-02-11 7:05,46,0.774,Provisional,UNSPECIFIED
2024-02-11 7:10,46,0.773,Provisional,UNSPECIFIED
2024-02-11 7:15,46,0.774,Provisional,UNSPECIFIED
2024-02-11 7:20,46,0.774,Provisional,UNSPECIFIED
2024-02-11 7:25,46,0.774,Provisional,UNSPECIFIED
2024-02-11 7:30,46,0.774,Provisional,UNSPECIFIED
2024-02-11 7:35,46,0.774,Provisional,UNSPECIFIED
2024-02-11 7:40,46,0.774,Provisional,UNSPECIFIED
2024-02-11 7:45,46,0.774,Provisional,UNSPECIFIED
2024-02-11 7:50,46,0.774,Provisional,UNSPECIFIED
2024-02-11 7:55,46,0.774,Provisional,UNSPECIFIED
2024-02-11 8:00,46,0.775,Provisional,UNSPECIFIED
2024-02-11 8:05,46,0.774,Provisional,UNSPECIFIED
2024-02-11 8:10,46,0.774,Provisional,UNSPECIFIED
2024-02-11 8:15,46,0.775,Provisional,UNSPECIFIED
2024-02-11 8:20,46,0.771,Provisional,UNSPECIFIED
2024-02-11 8:25,46,0.772,Provisional,UNSPECIFIED
2024-02-11 8:30,46,0.772,Provisional,UNSPECIFIED
2024-02-11 8:35,46,0.773,Provisional,UNSPECIFIED
2024-02-11 8:40,46,0.774,Provisional,UNSPECIFIED
2024-02-11 8:45,46,0.774,Provisional,UNSPECIFIED
2024-02-11 8:50,46,0.775,Provisional,UNSPECIFIED
2024-02-11 8:55,46,0.774,Provisional,UNSPECIFIED
2024-02-11 9:00,46,0.774,Provisional,UNSPECIFIED
2024-02-11 9:05,46,0.775,Provisional,UNSPECIFIED
2024-02-11 9:10,46,0.774,Provisional,UNSPECIFIED
2024-02-11 9:15,46,0.775,Provisional,UNSPECIFIED
2024-02-11 9:20,46,0.775,Provisional,UNSPECIFIED
2024-02-11 9:25,46,0.776,Provisional,UNSPECIFIED
2024-02-11 9:30,46,0.777,Provisional,UNSPECIFIED
2024-02-11 9:35,46,0.776,Provisional,UNSPECIFIED
2024-02-11 9:40,46,0.777,Provisional,UNSPECIFIED
2024-02-11 9:45,46,0.776,Provisional,UNSPECIFIED
2024-02-11 9:50,46,0.776,Provisional,UNSPECIFIED
2024-02-11 9:55,46,0.776,Provisional,UNSPECIFIED
2024-02-11 10:00,46,0.775,Provisional,UNSPECIFIED
2024-02-11 10:05,46,0.776,Provisional,UNSPECIFIED
2024-02-11 10:10,46,0.775,Provisional,UNSPECIFIED
2024-02-11 10:15,46,0.776,Provisional,UNSPECIFIED
2024-02-11 10:20,46,0.777,Provisional,UNSPECIFIED
2024-02-11 10:25,46,0.777,Provisional,UNSPECIFIED
2024-02-11 10:30,46,0.778,Provisional,UNSPECIFIED
2024-02-11 10:35,46,0.778,Provisional,UNSPECIFIED
2024-02-11 10:40,46,0.779,Provisional,UNSPECIFIED
2024-02-11 10:45,46,0.778,Provisional,UNSPECIFIED
2024-02-11 10:50,46,0.778,Provisional,UNSPECIFIED
2024-02-11 10:55,46,0.777,Provisional,UNSPECIFIED
2024-02-11 11:00,46,0.777,Provisional,UNSPECIFIED
2024-02-11 11:05,46,0.778,Provisional,UNSPECIFIED
2024-02-11 11:10,46,0.778,Provisional,UNSPECIFIED
2024-02-11 11:15,46,0.776,Provisional,UNSPECIFIED
2024-02-11 11:20,46,0.776,Provisional,UNSPECIFIED
2024-02-11 11:25,46,0.776,Provisional,UNSPECIFIED
2024-02-11 11:30,46,0.776,Provisional,UNSPECIFIED
2024-02-11 11:35,46,0.777,Provisional,UNSPECIFIED
2024-02-11 11:40,46,0.776,Provisional,UNSPECIFIED
2024-02-11 11:45,46,0.776,Provisional,UNSPECIFIED
2024-02-11 11:50,46,0.776,Provisional,UNSPECIFIED
2024-02-11 11:55,46,0.776,Provisional,UNSPECIFIED
2024-02-11 12:00,46,0.775,Provisional,UNSPECIFIED
2024-02-11 12:05,46,0.775,Provisional,UNSPECIFIED
2024-02-11 12:10,46,0.775,Provisional,UNSPECIFIED
2024-02-11 12:15,46,0.775,Provisional,UNSPECIFIED
2024-02-11 12:20,46,0.775,Provisional,UNSPECIFIED
2024-02-11 12:25,46,0.775,Provisional,UNSPECIFIED
2024-02-11 12:30,46,0.775,Provisional,UNSPECIFIED
2024-02-11 12:35,46,0.775,Provisional,UNSPECIFIED
2024-02-11 12:40,46,0.775,Provisional,UNSPECIFIED
2024-02-11 12:45,46,0.775,Provisional,UNSPECIFIED
2024-02-11 12:50,46,0.774,Provisional,UNSPECIFIED
2024-02-11 12:55,46,0.775,Provisional,UNSPECIFIED
2024-02-11 13:00,46,0.775,Provisional,UNSPECIFIED
2024-02-11 13:05,46,0.775,Provisional,UNSPECIFIED
2024-02-11 13:10,46,0.776,Provisional,UNSPECIFIED
2024-02-11 13:15,46,0.775,Provisional,UNSPECIFIED
2024-02-11 13:20,46,0.775,Provisional,UNSPECIFIED
2024-02-11 13:25,46,0.775,Provisional,UNSPECIFIED
2024-02-11 13:30,46,0.775,Provisional,UNSPECIFIED
2024-02-11 13:35,46,0.775,Provisional,UNSPECIFIED
2024-02-11 13:40,46,0.775,Provisional,UNSPECIFIED
2024-02-11 13:45,46,0.776,Provisional,UNSPECIFIED
2024-02-11 13:50,46,0.776,Provisional,UNSPECIFIED
2024-02-11 13:55,46,0.776,Provisional,UNSPECIFIED
2024-02-11 14:00,46,0.775,Provisional,UNSPECIFIED
2024-02-11 14:05,46,0.776,Provisional,UNSPECIFIED
2024-02-11 14:10,46,0.775,Provisional,UNSPECIFIED
2024-02-11 14:15,46,0.775,Provisional,UNSPECIFIED
2024-02-11 14:20,46,0.775,Provisional,UNSPECIFIED
2024-02-11 14:25,46,0.775,Provisional,UNSPECIFIED
2024-02-11 14:30,46,0.775,Provisional,UNSPECIFIED
2024-02-11 14:35,46,0.775,Provisional,UNSPECIFIED
2024-02-11 14:40,46,0.775,Provisional,UNSPECIFIED
2024-02-11 14:45,46,0.775,Provisional,UNSPECIFIED
2024-02-11 14:50,46,0.775,Provisional,UNSPECIFIED
2024-02-11 14:55,46,0.775,Provisional,UNSPECIFIED
2024-02-11 15:00,46,0.774,Provisional,UNSPECIFIED
2024-02-11 15:05,46,0.774,Provisional,UNSPECIFIED
2024-02-11 15:10,46,0.774,Provisional,UNSPECIFIED
2024-02-11 15:15,46,0.773,Provisional,UNSPECIFIED
2024-02-11 15:20,46,0.773,Provisional,UNSPECIFIED
2024-02-11 15:25,46,0.774,Provisional,UNSPECIFIED
2024-02-11 15:30,46,0.774,Provisional,UNSPECIFIED
2024-02-11 15:35,46,0.773,Provisional,UNSPECIFIED
2024-02-11 15:40,46,0.773,Provisional,UNSPECIFIED
2024-02-11 15:45,46,0.773,Provisional,UNSPECIFIED
2024-02-11 15:50,46,0.774,Provisional,UNSPECIFIED
2024-02-11 15:55,46,0.773,Provisional,UNSPECIFIED
2024-02-11 16:00,46,0.773,Provisional,UNSPECIFIED
2024-02-11 16:05,46,0.773,Provisional,UNSPECIFIED
2024-02-11 16:10,46,0.773,Provisional,UNSPECIFIED
2024-02-11 16:15,46,0.774,Provisional,UNSPECIFIED
2024-02-11 16:20,46,0.773,Provisional,UNSPECIFIED
2024-02-11 16:25,46,0.773,Provisional,UNSPECIFIED
2024-02-11 16:30,46,0.773,Provisional,UNSPECIFIED
2024-02-11 16:35,46,0.774,Provisional,UNSPECIFIED
2024-02-11 16:40,46,0.773,Provisional,UNSPECIFIED
2024-02-11 16:45,46,0.774,Provisional,UNSPECIFIED
2024-02-11 16:50,46,0.774,Provisional,UNSPECIFIED
2024-02-11 16:55,46,0.774,Provisional,UNSPECIFIED
2024-02-11 17:00,46,0.774,Provisional,UNSPECIFIED
2024-02-11 17:05,46,0.773,Provisional,UNSPECIFIED
2024-02-11 17:10,46,0.774,Provisional,UNSPECIFIED
2024-02-11 17:15,46,0.774,Provisional,UNSPECIFIED
2024-02-11 17:20,46,0.774,Provisional,UNSPECIFIED
2024-02-11 17:25,46,0.774,Provisional,UNSPECIFIED
2024-02-11 17:30,46,0.773,Provisional,UNSPECIFIED
2024-02-11 17:35,46,0.773,Provisional,UNSPECIFIED
2024-02-11 17:40,46,0.773,Provisional,UNSPECIFIED
2024-02-11 17:45,46,0.773,Provisional,UNSPECIFIED
2024-02-11 17:50,46,0.772,Provisional,UNSPECIFIED
2024-02-11 17:55,46,0.773,Provisional,UNSPECIFIED
2024-02-11 18:00,46,0.772,Provisional,UNSPECIFIED
2024-02-11 18:05,46,0.772,Provisional,UNSPECIFIED
2024-02-11 18:10,46,0.772,Provisional,UNSPECIFIED
2024-02-11 18:15,46,0.773,Provisional,UNSPECIFIED
2024-02-11 18:20,46,0.772,Provisional,UNSPECIFIED
2024-02-11 18:25,46,0.772,Provisional,UNSPECIFIED
2024-02-11 18:30,46,0.772,Provisional,UNSPECIFIED
2024-02-11 18:35,46,0.772,Provisional,UNSPECIFIED
2024-02-11 18:40,46,0.772,Provisional,UNSPECIFIED
2024-02-11 18:45,46,0.772,Provisional,UNSPECIFIED
2024-02-11 18:50,46,0.772,Provisional,UNSPECIFIED
2024-02-11 18:55,46,0.772,Provisional,UNSPECIFIED
2024-02-11 19:00,46,0.772,Provisional,UNSPECIFIED
2024-02-11 19:05,46,0.772,Provisional,UNSPECIFIED
2024-02-11 19:10,46,0.772,Provisional,UNSPECIFIED
2024-02-11 19:15,46,0.772,Provisional,UNSPECIFIED
2024-02-11 19:20,46,0.771,Provisional,UNSPECIFIED
2024-02-11 19:25,46,0.771,Provisional,UNSPECIFIED
2024-02-11 19:30,46,0.771,Provisional,UNSPECIFIED
2024-02-11 19:35,46,0.77,Provisional,UNSPECIFIED
2024-02-11 19:40,46,0.771,Provisional,UNSPECIFIED
2024-02-11 19:45,46,0.771,Provisional,UNSPECIFIED
2024-02-11 19:50,46,0.77,Provisional,UNSPECIFIED
2024-02-11 19:55,46,0.771,Provisional,UNSPECIFIED
2024-02-11 20:00,46,0.77,Provisional,UNSPECIFIED
2024-02-11 20:05,46,0.77,Provisional,UNSPECIFIED
2024-02-11 20:10,46,0.77,Provisional,UNSPECIFIED
2024-02-11 20:15,46,0.77,Provisional,UNSPECIFIED
2024-02-11 20:20,46,0.77,Provisional,UNSPECIFIED
2024-02-11 20:25,46,0.77,Provisional,UNSPECIFIED
2024-02-11 20:30,46,0.77,Provisional,UNSPECIFIED
2024-02-11 20:35,46,0.77,Provisional,UNSPECIFIED
2024-02-11 20:40,46,0.77,Provisional,UNSPECIFIED
2024-02-11 20:45,46,0.77,Provisional,UNSPECIFIED
2024-02-11 20:50,46,0.77,Provisional,UNSPECIFIED
2024-02-11 20:55,46,0.77,Provisional,UNSPECIFIED
2024-02-11 21:00,46,0.77,Provisional,UNSPECIFIED
2024-02-11 21:05,46,0.769,Provisional,UNSPECIFIED
2024-02-11 21:10,46,0.77,Provisional,UNSPECIFIED
2024-02-11 21:15,46,0.77,Provisional,UNSPECIFIED
2024-02-11 21:20,46,0.77,Provisional,UNSPECIFIED
2024-02-11 21:25,46,0.769,Provisional,UNSPECIFIED
2024-02-11 21:30,46,0.769,Provisional,UNSPECIFIED
2024-02-11 21:35,46,0.769,Provisional,UNSPECIFIED
2024-02-11 21:40,46,0.77,Provisional,UNSPECIFIED
2024-02-11 21:45,46,0.77,Provisional,UNSPECIFIED
2024-02-11 21:50,46,0.769,Provisional,UNSPECIFIED
2024-02-11 21:55,46,0.769,Provisional,UNSPECIFIED
2024-02-11 22:00,46,0.769,Provisional,UNSPECIFIED
2024-02-11 22:05,46,0.769,Provisional,UNSPECIFIED
2024-02-11 22:10,46,0.769,Provisional,UNSPECIFIED
2024-02-11 22:15,46,0.769,Provisional,UNSPECIFIED
2024-02-11 22:20,46,0.769,Provisional,UNSPECIFIED
2024-02-11 22:25,46,0.769,Provisional,UNSPECIFIED
2024-02-11 22:30,46,0.769,Provisional,UNSPECIFIED
2024-02-11 22:35,46,0.769,Provisional,UNSPECIFIED
2024-02-11 22:40,46,0.769,Provisional,UNSPECIFIED
2024-02-11 22:45,46,0.769,Provisional,UNSPECIFIED
2024-02-11 22:50,46,0.769,Provisional,UNSPECIFIED
2024-02-11 22:55,46,0.768,Provisional,UNSPECIFIED
2024-02-11 23:00,46,0.768,Provisional,UNSPECIFIED
2024-02-11 23:05,46,0.768,Provisional,UNSPECIFIED
2024-02-11 23:10,46,0.768,Provisional,UNSPECIFIED
2024-02-11 23:15,46,0.768,Provisional,UNSPECIFIED
2024-02-11 23:20,46,0.768,Provisional,UNSPECIFIED
2024-02-11 23:25,46,0.767,Provisional,UNSPECIFIED
2024-02-11 23:30,46,0.768,Provisional,UNSPECIFIED
2024-02-11 23:35,46,0.767,Provisional,UNSPECIFIED
2024-02-11 23:40,46,0.767,Provisional,UNSPECIFIED
2024-02-11 23:45,46,0.767,Provisional,UNSPECIFIED
2024-02-11 23:50,46,0.768,Provisional,UNSPECIFIED
2024-02-11 23:55,46,0.767,Provisional,UNSPECIFIED
2024-02-12 0:00,46,0.767,Provisional,UNSPECIFIED
2024-02-12 0:05,46,0.767,Provisional,UNSPECIFIED
2024-02-12 0:10,46,0.767,Provisional,UNSPECIFIED
2024-02-12 0:15,46,0.767,Provisional,UNSPECIFIED
2024-02-12 0:20,46,0.766,Provisional,UNSPECIFIED
2024-02-12 0:25,46,0.767,Provisional,UNSPECIFIED
2024-02-12 0:30,46,0.766,Provisional,UNSPECIFIED
2024-02-12 0:35,46,0.766,Provisional,UNSPECIFIED
2024-02-12 0:40,46,0.766,Provisional,UNSPECIFIED
2024-02-12 0:45,46,0.766,Provisional,UNSPECIFIED
2024-02-12 0:50,46,0.765,Provisional,UNSPECIFIED
2024-02-12 0:55,46,0.766,Provisional,UNSPECIFIED
2024-02-12 1:00,46,0.765,Provisional,UNSPECIFIED
2024-02-12 1:05,46,0.764,Provisional,UNSPECIFIED
2024-02-12 1:10,46,0.763,Provisional,UNSPECIFIED
2024-02-12 1:15,46,0.762,Provisional,UNSPECIFIED
2024-02-12 1:20,46,0.761,Provisional,UNSPECIFIED
2024-02-12 1:25,46,0.759,Provisional,UNSPECIFIED
2024-02-12 1:30,46,0.758,Provisional,UNSPECIFIED
2024-02-12 1:35,46,0.757,Provisional,UNSPECIFIED
2024-02-12 1:40,46,0.756,Provisional,UNSPECIFIED
2024-02-12 1:45,46,0.755,Provisional,UNSPECIFIED
2024-02-12 1:50,46,0.753,Provisional,UNSPECIFIED
2024-02-12 1:55,46,0.753,Provisional,UNSPECIFIED
2024-02-12 2:00,46,0.752,Provisional,UNSPECIFIED
2024-02-12 2:05,46,0.752,Provisional,UNSPECIFIED
2024-02-12 2:10,46,0.751,Provisional,UNSPECIFIED
2024-02-12 2:15,46,0.749,Provisional,UNSPECIFIED
2024-02-12 2:20,46,0.749,Provisional,UNSPECIFIED
2024-02-12 2:25,46,0.749,Provisional,UNSPECIFIED
2024-02-12 2:30,46,0.749,Provisional,UNSPECIFIED
2024-02-12 2:35,46,0.749,Provisional,UNSPECIFIED
2024-02-12 2:40,46,0.75,Provisional,UNSPECIFIED
2024-02-12 2:45,46,0.75,Provisional,UNSPECIFIED
2024-02-12 2:50,46,0.749,Provisional,UNSPECIFIED
2024-02-12 2:55,46,0.749,Provisional,UNSPECIFIED
2024-02-12 3:00,46,0.749,Provisional,UNSPECIFIED
2024-02-12 3:05,46,0.749,Provisional,UNSPECIFIED
2024-02-12 3:10,46,0.749,Provisional,UNSPECIFIED
2024-02-12 3:15,46,0.749,Provisional,UNSPECIFIED
2024-02-12 3:20,46,0.748,Provisional,UNSPECIFIED
2024-02-12 3:25,46,0.748,Provisional,UNSPECIFIED
2024-02-12 3:30,46,0.748,Provisional,UNSPECIFIED
2024-02-12 3:35,46,0.747,Provisional,UNSPECIFIED
2024-02-12 3:40,46,0.748,Provisional,UNSPECIFIED
2024-02-12 3:45,46,0.747,Provisional,UNSPECIFIED
2024-02-12 3:50,46,0.747,Provisional,UNSPECIFIED
2024-02-12 3:55,46,0.747,Provisional,UNSPECIFIED
2024-02-12 4:00,46,0.748,Provisional,UNSPECIFIED
2024-02-12 4:05,46,0.747,Provisional,UNSPECIFIED
2024-02-12 4:10,46,0.747,Provisional,UNSPECIFIED
2024-02-12 4:15,46,0.747,Provisional,UNSPECIFIED
2024-02-12 4:20,46,0.748,Provisional,UNSPECIFIED
2024-02-12 4:25,46,0.748,Provisional,UNSPECIFIED
2024-02-12 4:30,46,0.748,Provisional,UNSPECIFIED
2024-02-12 4:35,46,0.748,Provisional,UNSPECIFIED
2024-02-12 4:40,46,0.749,Provisional,UNSPECIFIED
2024-02-12 4:45,46,0.749,Provisional,UNSPECIFIED
2024-02-12 4:50,46,0.749,Provisional,UNSPECIFIED
2024-02-12 4:55,46,0.749,Provisional,UNSPECIFIED
2024-02-12 5:00,46,0.75,Provisional,UNSPECIFIED
2024-02-12 5:05,46,0.75,Provisional,UNSPECIFIED
2024-02-12 5:10,46,0.751,Provisional,UNSPECIFIED
2024-02-12 5:15,46,0.752,Provisional,UNSPECIFIED
2024-02-12 5:20,46,0.752,Provisional,UNSPECIFIED
2024-02-12 5:25,46,0.751,Provisional,UNSPECIFIED
2024-02-12 5:30,46,0.752,Provisional,UNSPECIFIED
2024-02-12 5:35,46,0.751,Provisional,UNSPECIFIED
2024-02-12 5:40,46,0.752,Provisional,UNSPECIFIED
2024-02-12 5:45,46,0.752,Provisional,UNSPECIFIED
2024-02-12 5:50,46,0.752,Provisional,UNSPECIFIED
2024-02-12 5:55,46,0.753,Provisional,UNSPECIFIED
2024-02-12 6:00,46,0.753,Provisional,UNSPECIFIED
2024-02-12 6:05,46,0.755,Provisional,UNSPECIFIED
2024-02-12 6:10,46,0.755,Provisional,UNSPECIFIED
2024-02-12 6:15,46,0.755,Provisional,UNSPECIFIED
2024-02-12 6:20,46,0.755,Provisional,UNSPECIFIED
2024-02-12 6:25,46,0.755,Provisional,UNSPECIFIED
2024-02-12 6:30,46,0.756,Provisional,UNSPECIFIED
2024-02-12 6:35,46,0.755,Provisional,UNSPECIFIED
2024-02-12 6:40,46,0.756,Provisional,UNSPECIFIED
2024-02-12 6:45,46,0.756,Provisional,UNSPECIFIED
2024-02-12 6:50,46,0.756,Provisional,UNSPECIFIED
2024-02-12 6:55,46,0.756,Provisional,UNSPECIFIED
2024-02-12 7:00,46,0.756,Provisional,UNSPECIFIED
2024-02-12 7:05,46,0.756,Provisional,UNSPECIFIED
2024-02-12 7:10,46,0.755,Provisional,UNSPECIFIED
2024-02-12 7:15,46,0.755,Provisional,UNSPECIFIED
2024-02-12 7:20,46,0.755,Provisional,UNSPECIFIED
2024-02-12 7:25,46,0.755,Provisional,UNSPECIFIED
2024-02-12 7:30,46,0.754,Provisional,UNSPECIFIED
2024-02-12 7:35,46,0.753,Provisional,UNSPECIFIED
2024-02-12 7:40,46,0.752,Provisional,UNSPECIFIED
2024-02-12 7:45,46,0.751,Provisional,UNSPECIFIED
2024-02-12 7:50,46,0.75,Provisional,UNSPECIFIED
2024-02-12 7:55,46,0.749,Provisional,UNSPECIFIED
2024-02-12 8:00,46,0.748,Provisional,UNSPECIFIED
2024-02-12 8:05,46,0.748,Provisional,UNSPECIFIED
2024-02-12 8:10,46,0.748,Provisional,UNSPECIFIED
2024-02-12 8:15,46,0.749,Provisional,UNSPECIFIED
2024-02-12 8:20,46,0.749,Provisional,UNSPECIFIED
2024-02-12 8:25,46,0.75,Provisional,UNSPECIFIED
2024-02-12 8:30,46,0.75,Provisional,UNSPECIFIED
2024-02-12 8:35,46,0.752,Provisional,UNSPECIFIED
2024-02-12 8:40,46,0.753,Provisional,UNSPECIFIED
2024-02-12 8:45,46,0.754,Provisional,UNSPECIFIED
2024-02-12 8:50,46,0.755,Provisional,UNSPECIFIED
2024-02-12 8:55,46,0.757,Provisional,UNSPECIFIED
2024-02-12 9:00,46,0.759,Provisional,UNSPECIFIED
2024-02-12 9:05,46,0.761,Provisional,UNSPECIFIED
2024-02-12 9:10,46,0.763,Provisional,UNSPECIFIED
2024-02-12 9:15,46,0.765,Provisional,UNSPECIFIED
2024-02-12 9:20,46,0.767,Provisional,UNSPECIFIED
2024-02-12 9:25,46,0.77,Provisional,UNSPECIFIED
2024-02-12 9:30,46,0.772,Provisional,UNSPECIFIED
2024-02-12 9:35,46,0.775,Provisional,UNSPECIFIED
2024-02-12 9:40,46,0.777,Provisional,UNSPECIFIED
2024-02-12 9:45,46,0.78,Provisional,UNSPECIFIED
2024-02-12 9:50,46,0.782,Provisional,UNSPECIFIED
2024-02-12 9:55,46,0.784,Provisional,UNSPECIFIED
2024-02-12 10:00,46,0.786,Provisional,UNSPECIFIED
2024-02-12 10:05,46,0.789,Provisional,UNSPECIFIED
2024-02-12 10:10,46,0.792,Provisional,UNSPECIFIED
2024-02-12 10:15,46,0.793,Provisional,UNSPECIFIED
2024-02-12 10:20,46,0.795,Provisional,UNSPECIFIED
2024-02-12 10:25,46,0.795,Provisional,UNSPECIFIED
2024-02-12 10:30,46,0.794,Provisional,UNSPECIFIED
2024-02-12 10:35,46,0.793,Provisional,UNSPECIFIED
2024-02-12 10:40,46,0.791,Provisional,UNSPECIFIED
2024-02-12 10:45,46,0.788,Provisional,UNSPECIFIED
2024-02-12 10:50,46,0.784,Provisional,UNSPECIFIED
2024-02-12 10:55,46,0.781,Provisional,UNSPECIFIED
2024-02-12 11:00,46,0.778,Provisional,UNSPECIFIED
2024-02-12 11:05,46,0.776,Provisional,UNSPECIFIED
2024-02-12 11:10,46,0.773,Provisional,UNSPECIFIED
2024-02-12 11:15,46,0.771,Provisional,UNSPECIFIED
2024-02-12 11:20,46,0.769,Provisional,UNSPECIFIED
2024-02-12 11:25,46,0.767,Provisional,UNSPECIFIED
2024-02-12 11:30,46,0.765,Provisional,UNSPECIFIED
2024-02-12 11:35,46,0.764,Provisional,UNSPECIFIED
2024-02-12 11:40,46,0.763,Provisional,UNSPECIFIED
2024-02-12 11:45,46,0.762,Provisional,UNSPECIFIED
2024-02-12 11:50,46,0.763,Provisional,UNSPECIFIED
2024-02-12 11:55,46,0.762,Provisional,UNSPECIFIED
2024-02-12 12:00,46,0.762,Provisional,UNSPECIFIED
2024-02-12 12:05,46,0.762,Provisional,UNSPECIFIED
2024-02-12 12:10,46,0.762,Provisional,UNSPECIFIED
2024-02-12 12:15,46,0.762,Provisional,UNSPECIFIED
2024-02-12 12:20,46,0.762,Provisional,UNSPECIFIED
2024-02-12 12:25,46,0.762,Provisional,UNSPECIFIED
2024-02-12 12:30,46,0.762,Provisional,UNSPECIFIED
2024-02-12 12:35,46,0.762,Provisional,UNSPECIFIED
2024-02-12 12:40,46,0.762,Provisional,UNSPECIFIED
2024-02-12 12:45,46,0.762,Provisional,UNSPECIFIED
2024-02-12 12:50,46,0.762,Provisional,UNSPECIFIED
2024-02-12 12:55,46,0.763,Provisional,UNSPECIFIED
2024-02-12 13:00,46,0.762,Provisional,UNSPECIFIED
2024-02-12 13:05,46,0.762,Provisional,UNSPECIFIED
2024-02-12 13:10,46,0.762,Provisional,UNSPECIFIED
2024-02-12 13:15,46,0.762,Provisional,UNSPECIFIED
2024-02-12 13:20,46,0.762,Provisional,UNSPECIFIED
2024-02-12 13:25,46,0.763,Provisional,UNSPECIFIED
2024-02-12 13:30,46,0.762,Provisional,UNSPECIFIED
2024-02-12 13:35,46,0.762,Provisional,UNSPECIFIED
2024-02-12 13:40,46,0.762,Provisional,UNSPECIFIED
2024-02-12 13:45,46,0.762,Provisional,UNSPECIFIED
2024-02-12 13:50,46,0.761,Provisional,UNSPECIFIED
2024-02-12 13:55,46,0.762,Provisional,UNSPECIFIED
2024-02-12 14:00,46,0.762,Provisional,UNSPECIFIED
2024-02-12 14:05,46,0.762,Provisional,UNSPECIFIED
2024-02-12 14:10,46,0.761,Provisional,UNSPECIFIED
2024-02-12 14:15,46,0.761,Provisional,UNSPECIFIED
2024-02-12 14:20,46,0.761,Provisional,UNSPECIFIED
2024-02-12 14:25,46,0.761,Provisional,UNSPECIFIED
2024-02-12 14:30,46,0.761,Provisional,UNSPECIFIED
2024-02-12 14:35,46,0.76,Provisional,UNSPECIFIED
2024-02-12 14:40,46,0.76,Provisional,UNSPECIFIED
2024-02-12 14:45,46,0.76,Provisional,UNSPECIFIED
2024-02-12 14:50,46,0.76,Provisional,UNSPECIFIED
2024-02-12 14:55,46,0.76,Provisional,UNSPECIFIED
2024-02-12 15:00,46,0.761,Provisional,UNSPECIFIED
2024-02-12 15:05,46,0.761,Provisional,UNSPECIFIED
2024-02-12 15:10,46,0.76,Provisional,UNSPECIFIED
2024-02-12 15:15,46,0.76,Provisional,UNSPECIFIED
2024-02-12 15:20,46,0.76,Provisional,UNSPECIFIED
2024-02-12 15:25,46,0.76,Provisional,UNSPECIFIED
2024-02-12 15:30,46,0.76,Provisional,UNSPECIFIED
2024-02-12 15:35,46,0.76,Provisional,UNSPECIFIED
2024-02-12 15:40,46,0.76,Provisional,UNSPECIFIED
2024-02-12 15:45,46,0.76,Provisional,UNSPECIFIED
2024-02-12 15:50,46,0.76,Provisional,UNSPECIFIED
2024-02-12 15:55,46,0.76,Provisional,UNSPECIFIED
2024-02-12 16:00,46,0.76,Provisional,UNSPECIFIED
2024-02-12 16:05,46,0.76,Provisional,UNSPECIFIED
2024-02-12 16:10,46,0.76,Provisional,UNSPECIFIED
2024-02-12 16:15,46,0.76,Provisional,UNSPECIFIED
2024-02-12 16:20,46,0.76,Provisional,UNSPECIFIED
2024-02-12 16:25,46,0.759,Provisional,UNSPECIFIED
2024-02-12 16:30,46,0.759,Provisional,UNSPECIFIED
2024-02-12 16:35,46,0.759,Provisional,UNSPECIFIED
2024-02-12 16:40,46,0.759,Provisional,UNSPECIFIED
2024-02-12 16:45,46,0.759,Provisional,UNSPECIFIED
2024-02-12 16:50,46,0.759,Provisional,UNSPECIFIED
2024-02-12 16:55,46,0.759,Provisional,UNSPECIFIED
2024-02-12 17:00,46,0.759,Provisional,UNSPECIFIED
2024-02-12 17:05,46,0.759,Provisional,UNSPECIFIED
2024-02-12 17:10,46,0.759,Provisional,UNSPECIFIED
2024-02-12 17:15,46,0.758,Provisional,UNSPECIFIED
2024-02-12 17:20,46,0.759,Provisional,UNSPECIFIED
2024-02-12 17:25,46,0.758,Provisional,UNSPECIFIED
2024-02-12 17:30,46,0.759,Provisional,UNSPECIFIED
2024-02-12 17:35,46,0.759,Provisional,UNSPECIFIED
2024-02-12 17:40,46,0.759,Provisional,UNSPECIFIED
2024-02-12 17:45,46,0.758,Provisional,UNSPECIFIED
2024-02-12 17:50,46,0.758,Provisional,UNSPECIFIED
2024-02-12 17:55,46,0.758,Provisional,UNSPECIFIED
2024-02-12 18:00,46,0.758,Provisional,UNSPECIFIED
2024-02-12 18:05,46,0.758,Provisional,UNSPECIFIED
2024-02-12 18:10,46,0.758,Provisional,UNSPECIFIED
2024-02-12 18:15,46,0.758,Provisional,UNSPECIFIED
2024-02-12 18:20,46,0.758,Provisional,UNSPECIFIED
2024-02-12 18:25,46,0.758,Provisional,UNSPECIFIED
2024-02-12 18:30,46,0.757,Provisional,UNSPECIFIED
2024-02-12 18:35,46,0.757,Provisional,UNSPECIFIED
2024-02-12 18:40,46,0.757,Provisional,UNSPECIFIED
2024-02-12 18:45,46,0.757,Provisional,UNSPECIFIED
2024-02-12 18:50,46,0.757,Provisional,UNSPECIFIED
2024-02-12 18:55,46,0.757,Provisional,UNSPECIFIED
2024-02-12 19:00,46,0.757,Provisional,UNSPECIFIED
2024-02-12 19:05,46,0.756,Provisional,UNSPECIFIED
2024-02-12 19:10,46,0.756,Provisional,UNSPECIFIED
2024-02-12 19:15,46,0.756,Provisional,UNSPECIFIED
2024-02-12 19:20,46,0.756,Provisional,UNSPECIFIED
2024-02-12 19:25,46,0.755,Provisional,UNSPECIFIED
2024-02-12 19:30,46,0.756,Provisional,UNSPECIFIED
2024-02-12 19:35,46,0.755,Provisional,UNSPECIFIED
2024-02-12 19:40,46,0.755,Provisional,UNSPECIFIED
2024-02-12 19:45,46,0.754,Provisional,UNSPECIFIED
2024-02-12 19:50,46,0.753,Provisional,UNSPECIFIED
2024-02-12 19:55,46,0.751,Provisional,UNSPECIFIED
2024-02-12 20:00,46,0.75,Provisional,UNSPECIFIED
2024-02-12 20:05,46,0.749,Provisional,UNSPECIFIED
2024-02-12 20:10,46,0.75,Provisional,UNSPECIFIED
2024-02-12 20:15,46,0.749,Provisional,UNSPECIFIED
2024-02-12 20:20,46,0.749,Provisional,UNSPECIFIED
2024-02-12 20:25,46,0.749,Provisional,UNSPECIFIED
2024-02-12 20:30,46,0.748,Provisional,UNSPECIFIED
2024-02-12 20:35,46,0.748,Provisional,UNSPECIFIED
2024-02-12 20:40,46,0.748,Provisional,UNSPECIFIED
2024-02-12 20:45,46,0.748,Provisional,UNSPECIFIED
2024-02-12 20:50,46,0.749,Provisional,UNSPECIFIED
2024-02-12 20:55,46,0.75,Provisional,UNSPECIFIED
2024-02-12 21:00,46,0.751,Provisional,UNSPECIFIED
2024-02-12 21:05,46,0.752,Provisional,UNSPECIFIED
2024-02-12 21:10,46,0.753,Provisional,UNSPECIFIED
2024-02-12 21:15,46,0.754,Provisional,UNSPECIFIED
2024-02-12 21:20,46,0.755,Provisional,UNSPECIFIED
2024-02-12 21:25,46,0.756,Provisional,UNSPECIFIED
2024-02-12 21:30,46,0.757,Provisional,UNSPECIFIED
2024-02-12 21:35,46,0.758,Provisional,UNSPECIFIED
2024-02-12 21:40,46,0.759,Provisional,UNSPECIFIED
2024-02-12 21:45,46,0.76,Provisional,UNSPECIFIED
2024-02-12 21:50,46,0.761,Provisional,UNSPECIFIED
2024-02-12 21:55,46,0.761,Provisional,UNSPECIFIED
2024-02-12 22:00,46,0.761,Provisional,UNSPECIFIED
2024-02-12 22:05,46,0.761,Provisional,UNSPECIFIED
2024-02-12 22:10,46,0.762,Provisional,UNSPECIFIED
2024-02-12 22:15,46,0.762,Provisional,UNSPECIFIED
2024-02-12 22:20,46,0.763,Provisional,UNSPECIFIED
2024-02-12 22:25,46,0.764,Provisional,UNSPECIFIED
2024-02-12 22:30,46,0.765,Provisional,UNSPECIFIED
2024-02-12 22:35,46,0.765,Provisional,UNSPECIFIED
2024-02-12 22:40,46,0.765,Provisional,UNSPECIFIED
2024-02-12 22:45,46,0.767,Provisional,UNSPECIFIED
2024-02-12 22:50,46,0.768,Provisional,UNSPECIFIED
2024-02-12 22:55,46,0.769,Provisional,UNSPECIFIED
2024-02-12 23:00,46,0.77,Provisional,UNSPECIFIED
2024-02-12 23:05,46,0.77,Provisional,UNSPECIFIED
2024-02-12 23:10,46,0.771,Provisional,UNSPECIFIED
2024-02-12 23:15,46,0.772,Provisional,UNSPECIFIED
2024-02-12 23:20,46,0.773,Provisional,UNSPECIFIED
2024-02-12 23:25,46,0.774,Provisional,UNSPECIFIED
2024-02-12 23:30,46,0.774,Provisional,UNSPECIFIED
2024-02-12 23:35,46,0.775,Provisional,UNSPECIFIED
2024-02-12 23:40,46,0.776,Provisional,UNSPECIFIED
2024-02-12 23:45,46,0.777,Provisional,UNSPECIFIED
2024-02-12 23:50,46,0.778,Provisional,UNSPECIFIED
2024-02-12 23:55,46,0.779,Provisional,UNSPECIFIED
2024-02-13 0:00,46,0.78,Provisional,UNSPECIFIED
2024-02-13 0:05,46,0.781,Provisional,UNSPECIFIED
2024-02-13 0:10,46,0.781,Provisional,UNSPECIFIED
2024-02-13 0:15,46,0.782,Provisional,UNSPECIFIED
2024-02-13 0:20,46,0.783,Provisional,UNSPECIFIED
2024-02-13 0:25,46,0.783,Provisional,UNSPECIFIED
2024-02-13 0:30,46,0.783,Provisional,UNSPECIFIED
2024-02-13 0:35,46,0.784,Provisional,UNSPECIFIED
2024-02-13 0:40,46,0.785,Provisional,UNSPECIFIED
2024-02-13 0:45,46,0.785,Provisional,UNSPECIFIED
2024-02-13 0:50,46,0.787,Provisional,UNSPECIFIED
2024-02-13 0:55,46,0.788,Provisional,UNSPECIFIED
2024-02-13 1:00,46,0.788,Provisional,UNSPECIFIED
2024-02-13 1:05,46,0.789,Provisional,UNSPECIFIED
2024-02-13 1:10,46,0.79,Provisional,UNSPECIFIED
2024-02-13 1:15,46,0.791,Provisional,UNSPECIFIED
2024-02-13 1:20,46,0.791,Provisional,UNSPECIFIED
2024-02-13 1:25,46,0.792,Provisional,UNSPECIFIED
2024-02-13 1:30,46,0.793,Provisional,UNSPECIFIED
2024-02-13 1:35,46,0.794,Provisional,UNSPECIFIED
2024-02-13 1:40,46,0.795,Provisional,UNSPECIFIED
2024-02-13 1:45,46,0.796,Provisional,UNSPECIFIED
2024-02-13 1:50,46,0.796,Provisional,UNSPECIFIED
2024-02-13 1:55,46,0.798,Provisional,UNSPECIFIED
2024-02-13 2:00,46,0.799,Provisional,UNSPECIFIED
2024-02-13 2:05,46,0.8,Provisional,UNSPECIFIED
2024-02-13 2:10,46,0.8,Provisional,UNSPECIFIED
2024-02-13 2:15,46,0.801,Provisional,UNSPECIFIED
2024-02-13 2:20,46,0.802,Provisional,UNSPECIFIED
2024-02-13 2:25,46,0.801,Provisional,UNSPECIFIED
2024-02-13 2:30,46,0.802,Provisional,UNSPECIFIED
2024-02-13 2:35,46,0.803,Provisional,UNSPECIFIED
2024-02-13 2:40,46,0.803,Provisional,UNSPECIFIED
2024-02-13 2:45,46,0.804,Provisional,UNSPECIFIED
2024-02-13 2:50,46,0.804,Provisional,UNSPECIFIED
2024-02-13 2:55,46,0.804,Provisional,UNSPECIFIED
2024-02-13 3:00,46,0.805,Provisional,UNSPECIFIED
2024-02-13 3:05,46,0.805,Provisional,UNSPECIFIED
2024-02-13 3:10,46,0.805,Provisional,UNSPECIFIED
2024-02-13 3:15,46,0.806,Provisional,UNSPECIFIED
2024-02-13 3:20,46,0.806,Provisional,UNSPECIFIED
2024-02-13 3:25,46,0.807,Provisional,UNSPECIFIED
2024-02-13 3:30,46,0.807,Provisional,UNSPECIFIED
2024-02-13 3:35,46,0.808,Provisional,UNSPECIFIED
2024-02-13 3:40,46,0.809,Provisional,UNSPECIFIED
2024-02-13 3:45,46,0.809,Provisional,UNSPECIFIED
2024-02-13 3:50,46,0.809,Provisional,UNSPECIFIED
2024-02-13 3:55,46,0.81,Provisional,UNSPECIFIED
2024-02-13 4:00,46,0.809,Provisional,UNSPECIFIED
2024-02-13 4:05,46,0.811,Provisional,UNSPECIFIED
2024-02-13 4:10,46,0.811,Provisional,UNSPECIFIED
2024-02-13 4:15,46,0.812,Provisional,UNSPECIFIED
2024-02-13 4:20,46,0.812,Provisional,UNSPECIFIED
2024-02-13 4:25,46,0.813,Provisional,UNSPECIFIED
2024-02-13 4:30,46,0.814,Provisional,UNSPECIFIED
2024-02-13 4:35,46,0.814,Provisional,UNSPECIFIED
2024-02-13 4:40,46,0.814,Provisional,UNSPECIFIED
2024-02-13 4:45,46,0.815,Provisional,UNSPECIFIED
2024-02-13 4:50,46,0.815,Provisional,UNSPECIFIED
2024-02-13 4:55,46,0.815,Provisional,UNSPECIFIED
2024-02-13 5:00,46,0.816,Provisional,UNSPECIFIED
2024-02-13 5:05,46,0.816,Provisional,UNSPECIFIED
2024-02-13 5:10,46,0.816,Provisional,UNSPECIFIED
2024-02-13 5:15,46,0.817,Provisional,UNSPECIFIED
2024-02-13 5:20,46,0.816,Provisional,UNSPECIFIED
2024-02-13 5:25,46,0.817,Provisional,UNSPECIFIED
2024-02-13 5:30,46,0.817,Provisional,UNSPECIFIED
2024-02-13 5:35,46,0.817,Provisional,UNSPECIFIED
2024-02-13 5:40,46,0.817,Provisional,UNSPECIFIED
2024-02-13 5:45,46,0.817,Provisional,UNSPECIFIED
2024-02-13 5:50,46,0.818,Provisional,UNSPECIFIED
2024-02-13 5:55,46,0.817,Provisional,UNSPECIFIED
2024-02-13 6:00,46,0.817,Provisional,UNSPECIFIED
2024-02-13 6:05,46,0.818,Provisional,UNSPECIFIED
2024-02-13 6:10,46,0.817,Provisional,UNSPECIFIED
2024-02-13 6:15,46,0.818,Provisional,UNSPECIFIED
2024-02-13 6:20,46,0.818,Provisional,UNSPECIFIED
2024-02-13 6:25,46,0.818,Provisional,UNSPECIFIED
2024-02-13 6:30,46,0.818,Provisional,UNSPECIFIED
2024-02-13 6:35,46,0.818,Provisional,UNSPECIFIED
2024-02-13 6:40,46,0.817,Provisional,UNSPECIFIED
2024-02-13 6:45,46,0.817,Provisional,UNSPECIFIED
2024-02-13 6:50,46,0.817,Provisional,UNSPECIFIED
2024-02-13 6:55,46,0.817,Provisional,UNSPECIFIED
2024-02-13 7:00,46,0.817,Provisional,UNSPECIFIED
2024-02-13 7:05,46,0.818,Provisional,UNSPECIFIED
2024-02-13 7:10,46,0.818,Provisional,UNSPECIFIED
2024-02-13 7:15,46,0.818,Provisional,UNSPECIFIED
2024-02-13 7:20,46,0.819,Provisional,UNSPECIFIED
2024-02-13 7:25,46,0.819,Provisional,UNSPECIFIED
2024-02-13 7:30,46,0.819,Provisional,UNSPECIFIED
2024-02-13 7:35,46,0.819,Provisional,UNSPECIFIED
2024-02-13 7:40,46,0.82,Provisional,UNSPECIFIED
2024-02-13 7:45,46,0.82,Provisional,UNSPECIFIED
2024-02-13 7:50,46,0.82,Provisional,UNSPECIFIED
2024-02-13 7:55,46,0.821,Provisional,UNSPECIFIED
2024-02-13 8:00,46,0.821,Provisional,UNSPECIFIED
2024-02-13 8:05,46,0.822,Provisional,UNSPECIFIED
2024-02-13 8:10,46,0.822,Provisional,UNSPECIFIED
2024-02-13 8:15,46,0.823,Provisional,UNSPECIFIED
2024-02-13 8:20,46,0.823,Provisional,UNSPECIFIED
2024-02-13 8:25,46,0.824,Provisional,UNSPECIFIED
2024-02-13 8:30,46,0.824,Provisional,UNSPECIFIED
2024-02-13 8:35,46,0.825,Provisional,UNSPECIFIED
2024-02-13 8:40,46,0.826,Provisional,UNSPECIFIED
2024-02-13 8:45,46,0.826,Provisional,UNSPECIFIED
2024-02-13 8:50,46,0.827,Provisional,UNSPECIFIED
2024-02-13 8:55,46,0.827,Provisional,UNSPECIFIED
2024-02-13 9:00,46,0.829,Provisional,UNSPECIFIED
2024-02-13 9:05,46,0.829,Provisional,UNSPECIFIED
2024-02-13 9:10,46,0.83,Provisional,UNSPECIFIED
2024-02-13 9:15,46,0.831,Provisional,UNSPECIFIED
2024-02-13 9:20,46,0.832,Provisional,UNSPECIFIED
2024-02-13 9:25,46,0.833,Provisional,UNSPECIFIED
2024-02-13 9:30,46,0.834,Provisional,UNSPECIFIED
2024-02-13 9:35,46,0.836,Provisional,UNSPECIFIED
2024-02-13 9:40,46,0.837,Provisional,UNSPECIFIED
2024-02-13 9:45,46,0.839,Provisional,UNSPECIFIED
2024-02-13 9:50,46,0.84,Provisional,UNSPECIFIED
2024-02-13 9:55,46,0.855,Provisional,UNSPECIFIED
2024-02-13 10:00,46,0.862,Provisional,UNSPECIFIED
2024-02-13 10:05,46,0.867,Provisional,UNSPECIFIED
2024-02-13 10:10,46,0.867,Provisional,UNSPECIFIED
2024-02-13 10:15,46,0.868,Provisional,UNSPECIFIED
2024-02-13 10:20,46,0.868,Provisional,UNSPECIFIED
2024-02-13 10:25,46,0.869,Provisional,UNSPECIFIED
2024-02-13 10:30,46,0.869,Provisional,UNSPECIFIED
2024-02-13 10:35,46,0.87,Provisional,UNSPECIFIED
2024-02-13 10:40,46,0.868,Provisional,UNSPECIFIED
2024-02-13 10:45,46,0.867,Provisional,UNSPECIFIED
2024-02-13 10:50,46,0.868,Provisional,UNSPECIFIED
2024-02-13 10:55,46,0.867,Provisional,UNSPECIFIED
2024-02-13 11:00,46,0.867,Provisional,UNSPECIFIED
2024-02-13 11:05,46,0.865,Provisional,UNSPECIFIED
2024-02-13 11:10,46,0.865,Provisional,UNSPECIFIED
2024-02-13 11:15,46,0.866,Provisional,UNSPECIFIED
2024-02-13 11:20,46,0.867,Provisional,UNSPECIFIED
2024-02-13 11:25,46,0.868,Provisional,UNSPECIFIED
2024-02-13 11:30,46,0.863,Provisional,UNSPECIFIED
2024-02-13 11:35,46,0.856,Provisional,UNSPECIFIED
2024-02-13 11:40,46,0.852,Provisional,UNSPECIFIED
2024-02-13 11:45,46,0.849,Provisional,UNSPECIFIED
2024-02-13 11:50,46,0.845,Provisional,UNSPECIFIED
2024-02-13 11:55,46,0.842,Provisional,UNSPECIFIED
2024-02-13 12:00,46,0.84,Provisional,UNSPECIFIED
2024-02-13 12:05,46,0.836,Provisional,UNSPECIFIED
2024-02-13 12:10,46,0.831,Provisional,UNSPECIFIED
2024-02-13 12:15,46,0.826,Provisional,UNSPECIFIED
2024-02-13 12:20,46,0.821,Provisional,UNSPECIFIED
2024-02-13 12:25,46,0.816,Provisional,UNSPECIFIED
2024-02-13 12:30,46,0.811,Provisional,UNSPECIFIED
2024-02-13 12:35,46,0.808,Provisional,UNSPECIFIED
2024-02-13 12:40,46,0.804,Provisional,UNSPECIFIED
2024-02-13 12:45,46,0.8,Provisional,UNSPECIFIED
2024-02-13 12:50,46,0.797,Provisional,UNSPECIFIED
2024-02-13 12:55,46,0.794,Provisional,UNSPECIFIED
2024-02-13 13:00,46,0.791,Provisional,UNSPECIFIED
2024-02-13 13:05,46,0.787,Provisional,UNSPECIFIED
2024-02-13 13:10,46,0.784,Provisional,UNSPECIFIED
2024-02-13 13:15,46,0.782,Provisional,UNSPECIFIED
2024-02-13 13:20,46,0.781,Provisional,UNSPECIFIED
2024-02-13 13:25,46,0.779,Provisional,UNSPECIFIED
2024-02-13 13:30,46,0.778,Provisional,UNSPECIFIED
2024-02-13 13:35,46,0.776,Provisional,UNSPECIFIED
2024-02-13 13:40,46,0.775,Provisional,UNSPECIFIED
2024-02-13 13:45,46,0.773,Provisional,UNSPECIFIED
2024-02-13 13:50,46,0.771,Provisional,UNSPECIFIED
2024-02-13 13:55,46,0.77,Provisional,UNSPECIFIED
2024-02-13 14:00,46,0.769,Provisional,UNSPECIFIED
2024-02-13 14:05,46,0.767,Provisional,UNSPECIFIED
2024-02-13 14:10,46,0.766,Provisional,UNSPECIFIED
2024-02-13 14:15,46,0.766,Provisional,UNSPECIFIED
2024-02-13 14:20,46,0.764,Provisional,UNSPECIFIED
2024-02-13 14:25,46,0.763,Provisional,UNSPECIFIED
2024-02-13 14:30,46,0.762,Provisional,UNSPECIFIED
2024-02-13 14:35,46,0.761,Provisional,UNSPECIFIED
2024-02-13 14:40,46,0.76,Provisional,UNSPECIFIED
2024-02-13 14:45,46,0.759,Provisional,UNSPECIFIED
2024-02-13 14:50,46,0.758,Provisional,UNSPECIFIED
2024-02-13 14:55,46,0.757,Provisional,UNSPECIFIED
2024-02-13 15:00,46,0.756,Provisional,UNSPECIFIED
